,molecule_chembl_id,canonical_smiles,class,MW,LogP,NumHDonors,NumHAcceptors,pIC50
0,CHEMBL32704,CCCC(NC(=O)[C@@H]1C[C@@H](OC(=O)N2CCc3ccccc3C2)CN1C(=O)[C@H](NC(=O)[C@H](NC(=O)c1cnccn1)C(C)C)C(C)C)C(=O)C(=O)NCCc1ccccc1,active,824.9799999999999,2.7491000000000065,4.0,10.0,6.2839966563652006
1,CHEMBL33248,CCCC(NC(=O)[C@@H]1C[C@@H](OC(=O)N2CCc3ccccc3C2)CN1C(=O)[C@H](NC(=O)[C@H](NC(=O)c1cnccn1)C(C)C)C(C)C)C(=O)C(=O)NCc1ccccc1,active,810.953,2.706600000000006,4.0,10.0,6.657577319177793
2,CHEMBL285069,CCCC(NC(=O)[C@@H]1C[C@@H](OC(=O)N2CCc3ccccc3C2)CN1C(=O)[C@H](NC(=O)[C@H](NC(=O)c1cnccn1)C(C)C)C(C)C)C(=O)C(=O)N[C@@H](C)c1ccccc1,active,824.98,3.267600000000006,4.0,10.0,6.657577319177793
3,CHEMBL286124,CCCC(NC(=O)[C@@H]1C[C@@H](OC(=O)N2CCc3ccccc3C2)CN1C(=O)[C@H](NC(=O)[C@H](NC(=O)c1cnccn1)C(C)C)C(C)C)C(=O)C(=O)NC1CC1,active,760.8929999999999,1.6688000000000052,4.0,10.0,6.376750709602099
4,CHEMBL285686,CCCC(NC(=O)[C@@H]1C[C@@H](OC(=O)N2CCc3ccccc3C2)CN1C(=O)[C@H](NC(=O)[C@H](NC(=O)c1cnccn1)C(C)C)C(C)C)C(=O)C(=O)c1ccccc1,active,781.9110000000001,3.273100000000004,3.0,10.0,7.585026652029182
5,CHEMBL284771,CCCC(NC(=O)[C@@H]1C[C@@H](OC(=O)N2CCc3ccccc3C2)CN1C(=O)[C@H](NC(=O)[C@H](NC(=O)c1cnccn1)C(C)C)C(C)C)C(=O)C(=O)N[C@@H](C)C(=O)c1cccc2ccccc12,active,903.05,3.9310000000000063,4.0,11.0,6.1249387366083
6,CHEMBL423300,CCCC(NC(=O)[C@@H]1C[C@@H](OC(=O)N2CCc3ccccc3C2)CN1C(=O)[C@H](NC(=O)[C@H](NC(=O)c1cnccn1)C(C)C)C(C)C)C(=O)C(=O)NC(C)C(=O)O,active,792.8910000000001,0.9795000000000067,5.0,11.0,6.886056647693163
7,CHEMBL285260,CCCC(NC(=O)[C@@H]1C[C@@H](OC(=O)N2CCc3ccccc3C2)CN1C(=O)[C@H](NC(=O)[C@H](NC(=O)c1cnccn1)C(C)C)C(C)C)C(=O)C(=O)NCC(=O)O,active,778.864,0.5910000000000071,5.0,11.0,7.431798275933005
8,CHEMBL116118,CC[C@@H]1C(=O)N(C(C)=O)[C@H]2CCN(C(=O)[C@@H](NC(=O)OC(C)(C)C)C(C)C)[C@H]12,inactive,395.50000000000017,1.920099999999999,1.0,5.0,4.00436480540245
9,CHEMBL111936,CCC1C(=O)N(S(C)(=O)=O)[C@H]2CCN(C(=O)[C@@H](NC(=O)[C@@H](NC(=O)[C@H](CC(=O)O)NC(=O)[C@H](CCC(=O)O)NC(C)=O)C(C)C)C(C)C)[C@H]12,inactive,716.811,-1.6054999999999886,6.0,10.0,4.161150909262744
10,CHEMBL326331,CC[C@H]1C(=O)N(S(C)(=O)=O)[C@H]2CCN(C(=O)[C@@H](NC(=O)OC(C)(C)C)C(C)C)[C@H]12,inactive,431.5550000000002,1.333200000000001,1.0,6.0,4.346787486224656
11,CHEMBL112200,CCC1C(=O)N(S(C)(=O)=O)[C@H]2CCN(C(=O)[C@@H](NC(=O)OC(C)(C)C)C(C)C)[C@H]12,inactive,431.5550000000002,1.333200000000001,1.0,6.0,4.568636235841013
12,CHEMBL115136,CC[C@H]1C(=O)N(C(C)=O)[C@H]2CCN(C(=O)[C@@H](NC(=O)OC(C)(C)C)C(C)C)[C@H]12,inactive,395.50000000000017,1.920099999999999,1.0,5.0,3.3979400086720375
13,CHEMBL419930,CC[C@@H]1C(=O)N(S(C)(=O)=O)[C@H]2CCN(C(=O)[C@@H](NC(=O)OC(C)(C)C)C(C)C)[C@H]12,inactive,431.5550000000002,1.333200000000001,1.0,6.0,4.522878745280337
14,CHEMBL2370184,CCC[C@H](NC(=O)[C@@H]1CCCN1C(=O)[C@@H](NC(=O)[C@@H](NC(=O)[C@@H](CC(=O)O)NC(=O)[C@H](CC(=O)O)NC(C)=O)[C@@H](C)CC)C(C)C)C(=O)C(=O)NCc1ccccc1,active,815.9219999999999,-0.24159999999999404,8.0,10.0,6.1938200260161125
15,CHEMBL2370173,CCC[C@@H](NC(=O)[C@@H]1CCCN1C(=O)[C@@H](NC(=O)[C@@H](NC(=O)[C@@H](CC(=O)O)NC(=O)[C@H](CC(=O)O)NC(C)=O)[C@@H](C)CC)C(C)C)C(N)=O,inactive,697.7869999999999,-1.6417999999999937,8.0,9.0,3.0
16,CHEMBL1790295,CC[C@H](C)[C@H](NC(=O)[C@H](CC(=O)O)NC(=O)[C@H](CC(=O)O)NC(C)=O)C(=O)N[C@H](C(=O)N1CCC[C@H]1C(=O)N[C@@H](C)C(=O)O)C(C)C,inactive,670.7170000000002,-1.8226999999999935,8.0,9.0,3.1249387366083
17,CHEMBL2311162,CCC[C@H](NC(=O)[C@@H]1CCCN1C(=O)[C@@H](NC(=O)[C@@H](NC(=O)[C@H](CC(=O)O)NC(=O)[C@H](CC(=O)O)NC(C)=O)[C@@H](C)CC)C(C)C)C(=O)C(F)(F)F,inactive,750.7690000000001,0.0043000000000101846,7.0,9.0,3.795880017344075
18,CHEMBL2370191,CCC[C@H](NC(=O)[C@@H]1CCCN1C(=O)[C@@H](NC(=O)[C@@H](NC(=O)[C@H](CC(=O)O)NC(=O)[C@H](CC(=O)O)NC(C)=O)[C@@H](C)CC)C(C)C)C(=O)C(F)(F)C(F)(F)F,inactive,800.7760000000002,0.6396000000000106,7.0,9.0,4.102372908709558
19,CHEMBL2370188,CCCC[C@H](NC(=O)[C@@H]1CCCN1C(=O)[C@@H](NC(=O)[C@@H](NC(=O)[C@H](CC(=O)O)NC(=O)[C@H](CC(=O)O)NC(C)=O)[C@@H](C)CC)C(C)C)C(=O)O,inactive,712.7980000000001,-0.6523999999999914,8.0,9.0,3.3010299956639813
20,CHEMBL2370189,CCC[C@@H](NC(=O)[C@@H]1CCCN1C(=O)[C@@H](NC(=O)[C@@H](NC(=O)[C@@H](CC(=O)O)NC(=O)[C@H](CC(=O)O)NC(C)=O)[C@@H](C)CC)C(C)C)C(=O)NCc1ccccc1,inactive,787.9119999999999,0.18930000000000713,8.0,9.0,4.2839966563652006
21,CHEMBL2370177,CC[C@H](C)[C@H](NC(=O)[C@@H]1CCCN1C(=O)[C@@H](NC(=O)[C@@H](NC(=O)[C@H](CC(=O)O)NC(=O)[C@H](CC(=O)O)NC(C)=O)[C@@H](C)CC)C(C)C)C(=O)O,inactive,712.7980000000001,-0.7964999999999902,8.0,9.0,3.1079053973095196
22,CHEMBL2370192,CCC[C@H](NC(=O)[C@@H]1CCCN1C(=O)[C@@H](NC(=O)[C@@H](NC(=O)[C@@H](CC(=O)O)NC(=O)[C@H](CC(=O)O)NC(C)=O)[C@@H](C)CC)C(C)C)C(=O)C(F)(F)C(F)(F)F,inactive,800.7760000000002,0.6396000000000106,7.0,9.0,4.920818753952375
23,CHEMBL2370193,CCC[C@@H](C=O)NC(=O)[C@@H]1CCCN1C(=O)[C@@H](NC(=O)[C@@H](NC(=O)[C@@H](CC(=O)O)NC(=O)[C@H](CC(=O)O)NC(C)=O)[C@@H](C)CC)C(C)C,intermediate,682.772,-0.9281999999999908,7.0,9.0,5.958607314841775
24,CHEMBL295605,CC[C@H](C)[C@H](NC(=O)[C@H](CC(=O)O)NC(=O)[C@H](CC(=O)O)NC(C)=O)C(=O)N[C@H](C(=O)N1CCC[C@H]1C(=O)N[C@@H](CS)C(=O)O)C(C)C,inactive,702.7840000000002,-1.912799999999993,9.0,10.0,4.552841968657781
25,CHEMBL2370178,CC[C@H](NC(=O)[C@@H]1CCCN1C(=O)[C@@H](NC(=O)[C@@H](NC(=O)[C@H](CC(=O)O)NC(=O)[C@H](CC(=O)O)NC(C)=O)[C@@H](C)CC)C(C)C)C(=O)O,inactive,684.7440000000001,-1.4325999999999908,8.0,9.0,3.6020599913279625
26,CHEMBL2370172,CCC[C@@H](NC(=O)[C@@H]1CCCN1C(=O)[C@@H](NC(=O)[C@@H](NC(=O)[C@@H](CC(=O)O)NC(=O)[C@H](CC(=O)O)NC(C)=O)[C@@H](C)CC)C(C)C)C(=O)NC,inactive,711.814,-1.3810999999999929,8.0,9.0,3.795880017344075
27,CHEMBL2370174,CCC[C@@H](NC(=O)[C@@H]1CCCN1C(=O)[C@@H](NC(=O)[C@@H](NC(=O)[C@@H](CC(=O)O)NC(=O)[C@H](CC(=O)O)NC(C)=O)[C@@H](C)CC)C(C)C)C(=O)OC,inactive,712.798,-0.9540999999999882,7.0,10.0,4.769551078621726
28,CHEMBL2370187,CC[C@@H](C)[C@H](NC(=O)[C@@H]1CCCN1C(=O)[C@@H](NC(=O)[C@@H](NC(=O)[C@H](CC(=O)O)NC(=O)[C@H](CC(=O)O)NC(C)=O)[C@@H](C)CC)C(C)C)C(=O)O,inactive,712.7980000000001,-0.7964999999999902,8.0,9.0,3.721246399047171
29,CHEMBL310738,CCC[C@H](NC(=O)[C@@H]1CCCN1C(=O)[C@@H](NC(=O)[C@@H](NC(=O)[C@@H](CC(=O)O)NC(=O)[C@H](CC(=O)O)NC(C)=O)[C@@H](C)CC)C(C)C)C(=O)C(F)(F)F,inactive,750.7690000000001,0.0043000000000101846,7.0,9.0,4.657577319177793
30,CHEMBL2370195,CC[C@H](C)[C@H](NC(=O)[C@H](CC(=O)O)NC(=O)[C@H](CC(=O)O)NC(C)=O)C(=O)N[C@H](C(=O)N1CCC[C@H]1C(=O)N[C@@H](CC(C)C)C(=O)O)C(C)C,inactive,712.7980000000001,-0.796499999999992,8.0,9.0,3.0969100130080562
31,CHEMBL306027,CCC[C@H](NC(=O)[C@@H]1CCCN1C(=O)[C@@H](NC(=O)[C@@H](NC(=O)[C@@H](CC(=O)O)NC(=O)[C@H](CC(=O)O)NC(C)=O)[C@@H](C)CC)C(C)C)C(=O)O,inactive,698.7710000000001,-1.0424999999999902,8.0,9.0,4.769551078621726
32,CHEMBL2370196,CCC[C@@H](C=O)NC(=O)[C@@H]1CCCN1C(=O)[C@@H](NC(=O)[C@@H](NC(=O)[C@H](CC(=O)O)NC(=O)[C@H](CC(=O)O)NC(C)=O)[C@@H](C)CC)C(C)C,inactive,682.772,-0.9281999999999908,7.0,9.0,5.0
33,CHEMBL2370179,CCC[C@H](NC(=O)[C@@H]1CCCN1C(=O)[C@@H](NC(=O)[C@@H](NC(=O)[C@H](CC(=O)O)NC(=O)[C@H](CC(=O)O)NC(C)=O)[C@@H](C)CC)C(C)C)C(=O)C(=O)NCc1ccccc1,intermediate,815.9219999999999,-0.24159999999999404,8.0,10.0,5.698970004336019
34,CHEMBL2370176,CCC[C@H](CO)NC(=O)[C@@H]1CCCN1C(=O)[C@@H](NC(=O)[C@@H](NC(=O)[C@@H](CC(=O)O)NC(=O)[C@H](CC(=O)O)NC(C)=O)[C@@H](C)CC)C(C)C,inactive,684.7880000000001,-1.1347999999999896,8.0,9.0,3.5528419686577806
35,CHEMBL72695,CCC[C@H](NC(=O)[C@@H]1CCCN1C(=O)[C@@H](NC(=O)[C@@H](NC(=O)[C@H](CC(=O)O)NC(=O)[C@H](CC(=O)O)NC(C)=O)[C@@H](C)CC)C(C)C)C(=O)O,inactive,698.7710000000001,-1.0424999999999902,8.0,9.0,3.8239087409443187
36,CHEMBL2370171,CCC[C@@H](NC(=O)[C@@H]1CCCN1C(=O)[C@@H](NC(=O)[C@@H](NC(=O)[C@@H](CC(=O)O)NC(=O)[C@H](CC(=O)O)NC(C)=O)[C@@H](C)CC)C(C)C)C(=O)OCc1ccccc1,intermediate,788.896,0.616300000000011,7.0,10.0,5.031517051446065
37,CHEMBL116193,COC(=O)c1ccc(CCNC(=O)C(CS)NC(=O)[C@H](CC(C)C)NC(=O)C(CCC(=O)O)NC(=O)OCC(C)C)cc1,inactive,624.7570000000003,1.693000000000003,6.0,9.0,4.769551078621726
38,CHEMBL116690,CC(C)C[C@@H](NC(=O)[C@H](NC(=O)OC(C)(C)C)C(C)C)C(=O)N[C@H](CC(F)F)C(=O)C(=O)O,active,479.5210000000002,1.8603000000000005,4.0,6.0,6.337242168318426
39,CHEMBL214100,CC(=O)N[C@@H](CC(=O)O)C(=O)N[C@@H](CCC(=O)O)C(=O)N[C@H](C(=O)N[C@@H](CCC(=O)O)C(=O)N[C@@H](CC1CCCCC1)C(=O)N[C@@H](CS)C(=O)NCCCc1ccccc1)C(c1ccccc1)c1ccccc1,active,1030.2109999999996,2.6007000000000016,11.0,11.0,6.6777807052660805
40,CHEMBL421233,CC(=O)N[C@@H](CC(=O)O)C(=O)N[C@@H](CCC(=O)O)C(=O)N[C@H](C(=O)N[C@@H](CCC(=O)O)C(=O)N[C@@H](CC1CCCCC1)C(=O)N[C@@H](CC(F)F)C(=O)O)C(c1ccccc1)c1ccccc1,active,930.9559999999999,1.6617000000000046,10.0,10.0,7.3979400086720375
41,CHEMBL406457,CC(=O)N[C@@H](CC(=O)O)C(=O)N[C@@H](CCC(=O)O)C(=O)N[C@H](C(=O)N[C@@H](CCC(=O)O)C(=O)N[C@@H](CC1CCCCC1)C(=O)N[C@@H](CC(F)F)C(=O)C(=O)NCc1ccccc1)C(c1ccccc1)c1ccccc1,active,1048.1069999999997,2.462600000000001,10.0,11.0,8.698970004336019
42,CHEMBL216266,CC(=O)N[C@@H](CC(=O)O)C(=O)N[C@@H](CCC(=O)O)C(=O)N[C@H](C(=O)N[C@@H](CCC(=O)O)C(=O)N[C@@H](CC1CCCCC1)C(=O)N[C@@H](CC(F)F)C(=O)NOCc1ccccc1)C(c1ccccc1)c1ccccc1,active,1036.0959999999998,2.825100000000001,10.0,11.0,7.3979400086720375
43,CHEMBL325232,CC(C)C[C@H](NC(=O)C(CCC(=O)O)NC(=O)OC(C)(C)C)C(=O)N[C@@H](CS)C(=O)NCc1ccccc1,inactive,552.6940000000003,2.006400000000001,6.0,7.0,3.6989700043360187
44,CHEMBL265015,CC(=O)N[C@@H](CC(=O)O)C(=O)N[C@@H](CCC(=O)O)C(=O)N[C@H](C(=O)N[C@@H](CCC(=O)O)C(=O)N[C@@H](CC1CCCCC1)C(=O)N[C@@H](CS)C(=O)NCCc1ccccc1)C(c1ccccc1)c1ccccc1,active,1016.1839999999996,2.2106000000000003,11.0,11.0,8.154901959985743
45,CHEMBL326056,CC(C)COC(=O)NC(CCC(=O)O)C(=O)N[C@@H](CC(C)C)C(=O)NC(CS)C(=O)NCCc1ccccc1C(=O)O,inactive,610.7300000000004,1.6046000000000042,7.0,8.0,4.0
46,CHEMBL263598,CC(=O)N[C@@H](CC(=O)O)C(=O)N[C@@H](CCC(=O)O)C(=O)N[C@H](C(=O)N[C@@H](CCC(=O)O)C(=O)N[C@@H](CC1CCCCC1)C(=O)N[C@@H](CS)C(=O)NCc1ccccc1)C(c1ccccc1)c1ccccc1,active,1002.1569999999997,2.1681000000000017,11.0,11.0,6.6020599913279625
47,CHEMBL263172,CC(=O)N[C@@H](CC(=O)O)C(=O)N[C@@H](CCC(=O)O)C(=O)N[C@H](C(=O)N[C@@H](CCC(=O)O)C(=O)N[C@@H](CC1CCCCC1)C(=O)N[C@@H](CS)C(=O)NCCc1ccccc1Cl)C(c1ccccc1)c1ccccc1,active,1050.6289999999995,2.8640000000000017,11.0,11.0,8.698970004336019
48,CHEMBL117986,CC(C)C[C@H](NC(=O)[C@H](CCC(=O)O)NC(=O)CCc1ccccc1)C(=O)N[C@@H](CS)C(=O)NCCc1ccccc1,inactive,598.7660000000002,2.273200000000002,6.0,6.0,4.3979400086720375
49,CHEMBL420317,CC(C)C[C@H](NC(=O)[C@@H](NC(=O)OCc1ccccc1)C(C)C)C(=O)N[C@@H](CS)C(=O)NCCc1ccccc1,inactive,570.7560000000003,3.2418000000000013,5.0,6.0,3.3979400086720375
50,CHEMBL265298,CC(=O)N[C@@H](CC(=O)O)C(=O)N[C@@H](CCC(=O)O)C(=O)N[C@H](C(=O)N[C@@H](CCC(=O)O)C(=O)N[C@@H](CC1CCCCC1)C(=O)N[C@@H](CS)C(=O)NC1Cc2ccccc2C1)C(c1ccccc1)c1ccccc1,intermediate,1028.1949999999997,2.135299999999999,11.0,11.0,5.769551078621726
51,CHEMBL2370491,CC(C)C[C@H](NC(=O)[C@H](CCC(=O)O)NC(=O)OC(C)(C)C)C(=O)N[C@@H](CS)C(=O)O,inactive,463.55300000000017,0.7746000000000006,6.0,7.0,3.6989700043360187
52,CHEMBL325667,COC(=O)c1ccccc1CCNC(=O)C(CS)NC(=O)[C@H](CC(C)C)NC(=O)C(CCC(=O)O)NC(=O)OCC(C)C,inactive,624.7570000000002,1.6930000000000018,6.0,9.0,4.267606240177032
53,CHEMBL324117,COC(=O)c1cccc(CCNC(=O)C(CS)NC(=O)[C@H](CC(C)C)NC(=O)C(CCC(=O)O)NC(=O)OCC(C)C)c1,inactive,624.7570000000002,1.6930000000000025,6.0,9.0,4.6020599913279625
54,CHEMBL115574,CC(C)C[C@H](NC(=O)C(CCC(=O)O)NC(=O)OC(C)(C)C)C(=O)N[C@@H](CS)C(=O)NCCc1ccccc1,inactive,566.7210000000003,2.0489000000000024,6.0,7.0,4.568636235841013
55,CHEMBL116398,CC(C)COC(=O)NC(CCC(=O)O)C(=O)N[C@@H](CC(C)C)C(=O)NC(CS)C(=O)NCCc1cccc(C(=O)O)c1,intermediate,610.7300000000004,1.6046000000000042,7.0,8.0,5.036212172654444
56,CHEMBL409677,CC(=O)N[C@@H](CC(=O)O)C(=O)N[C@@H](CCC(=O)O)C(=O)N[C@H](C(=O)N[C@@H](CCC(=O)O)C(=O)N[C@@H](CC1CCCCC1)C(=O)N[C@@H](CC(F)F)C(=O)NCCc1ccccc1)C(c1ccccc1)c1ccccc1,active,1034.1239999999998,2.9360000000000026,10.0,10.0,8.397940008672037
57,CHEMBL263695,CC(=O)N[C@@H](CC(=O)O)C(=O)N[C@@H](CCC(=O)O)C(=O)N[C@H](C(=O)N[C@@H](CCC(=O)O)C(=O)N[C@@H](CC1CCCCC1)C(=O)N[C@@H](CS)C(=O)Nc1ccccc1C1CC1)C(c1ccccc1)c1ccccc1,intermediate,1028.1949999999997,3.3678000000000043,11.0,11.0,5.823908740944319
58,CHEMBL264008,CC(=O)N[C@@H](CC(=O)O)C(=O)N[C@@H](CCC(=O)O)C(=O)N[C@H](C(=O)N[C@@H](CCC(=O)O)C(=O)N[C@@H](CC1CCCCC1)C(=O)N[C@@H](CS)C(=O)NCCC1CCCCC1)C(c1ccccc1)c1ccccc1,intermediate,1022.2319999999993,2.938300000000006,11.0,11.0,5.8124792791635365
59,CHEMBL326490,CC(C)COC(=O)NC(CCC(=O)O)C(=O)N[C@@H](CC(C)C)C(=O)NC(CS)C(=O)NCCc1ccc(C(=O)O)cc1Cl,active,645.1750000000003,2.2580000000000027,7.0,8.0,6.154901959985743
60,CHEMBL116143,CC(C)COC(=O)NC(CCC(=O)O)C(=O)N[C@@H](CC(C)C)C(=O)NC(CS)C(=O)NCCc1ccccc1,inactive,566.7210000000003,1.906400000000003,6.0,7.0,4.721246399047171
61,CHEMBL267752,CC(=O)N[C@@H](CC(=O)O)C(=O)N[C@@H](CCC(=O)O)C(=O)N[C@H](C(=O)N[C@@H](CCC(=O)O)C(=O)N[C@@H](CC1CCCCC1)C(=O)N[C@@H](CS)C(=O)N(C)CCc1ccccc1)C(c1ccccc1)c1ccccc1,inactive,1030.2109999999996,2.552800000000002,10.0,11.0,4.154901959985743
62,CHEMBL116399,CC(C)C[C@H](NC(=O)C(CCC(=O)O)NC(=O)OC(C)(C)C)C(=O)N[C@@H](CS)C(=O)NCCc1ccccc1Cl,intermediate,601.1660000000003,2.702300000000002,6.0,7.0,5.187086643357144
63,CHEMBL332056,CC(C)COC(=O)NC(CCC(=O)O)C(=O)N[C@@H](CC(C)C)C(=O)NC(CS)C(=O)NCCc1ccc(C(=O)O)cc1,intermediate,610.7300000000004,1.6046000000000042,7.0,8.0,5.698970004336019
64,CHEMBL116239,COC(=O)c1ccc(CCNC(=O)C(CS)NC(=O)[C@H](CC(C)C)NC(=O)C(CCC(=O)O)NC(=O)OCC(C)C)c(Cl)c1,intermediate,659.2020000000002,2.3464000000000027,6.0,9.0,5.494850021680094
65,CHEMBL320324,CC(C)C[C@H](NC(=O)[C@@H](NC(=O)OC(C)(C)C)C1CCCC1)C(=O)N[C@@H](CC(F)F)C(=O)C(=O)O,active,505.5590000000003,2.3945,4.0,6.0,6.42021640338319
66,CHEMBL113467,CC(C)C[C@H](NC(=O)[C@H](O)c1ccc(Cl)cc1)C(=O)N[C@@H](CC(F)F)C(=O)C(=O)O,inactive,448.85000000000014,1.698,4.0,5.0,4.886056647693163
67,CHEMBL420303,CC(C)C[C@H](NC(=O)[C@H](O)C1CCCCC1)C(=O)N[C@@H](CC(F)F)C(=O)C(=O)O,intermediate,420.45300000000003,1.2522,4.0,5.0,5.154901959985743
68,CHEMBL323980,CC(C)C[C@H](NC(=O)[C@H](O)c1ccc(C(F)(F)F)cc1)C(=O)N[C@@H](CC(F)F)C(=O)C(=O)O,inactive,482.40200000000016,2.0634,4.0,5.0,4.552841968657781
69,CHEMBL69077,CC(C)C[C@H](NC(=O)[C@H](O)c1ccccc1)C(=O)N[C@@H](CC(F)F)C(=O)C(=O)O,intermediate,414.4050000000001,1.0446000000000002,4.0,5.0,5.522878745280337
70,CHEMBL112053,CC(C)C[C@H](NC(=O)Cn1nc(-c2ccccc2)c2ccccc2c1=O)C(=O)N[C@@H](CC(F)F)C(=O)C(=O)O,inactive,542.5390000000003,2.3880999999999997,3.0,7.0,3.6989700043360187
71,CHEMBL113402,CC(C)C[C@H](NC(=O)CC(c1ccccc1)c1ccccc1)C(=O)N[C@@H](CC(F)F)C(=O)C(=O)O,inactive,488.5310000000002,3.5332000000000017,3.0,4.0,3.6989700043360187
72,CHEMBL332245,COc1ccc([C@@H](O)C(=O)N[C@@H](CC(C)C)C(=O)N[C@@H](CC(F)F)C(=O)C(=O)O)cc1,inactive,444.4310000000001,1.0532,4.0,6.0,4.886056647693163
73,CHEMBL115275,COc1ccc(C(=O)N[C@@H](CC(C)C)C(=O)N[C@@H](CC(F)F)C(=O)C(=O)O)c(OC)c1OC,inactive,474.4570000000003,1.6505999999999998,3.0,7.0,3.6989700043360187
74,CHEMBL115495,COc1ccc(C(Oc2ccccc2)C(=O)N[C@@H](CC(C)C)C(=O)N[C@@H](CC(F)F)C(=O)C(=O)O)cc1,inactive,520.5290000000003,3.139900000000001,3.0,6.0,4.7447274948966935
75,CHEMBL112557,CC(C)C[C@H](NC(=O)[C@H](O)c1ccccc1Cl)C(=O)N[C@@H](CC(F)F)C(=O)C(=O)O,inactive,448.85000000000014,1.698,4.0,5.0,4.3872161432802645
76,CHEMBL115621,CC(C)C[C@H](NC(=O)[C@@H](O)c1ccccc1)C(=O)N[C@@H](CC(F)F)C(=O)C(=O)O,inactive,414.4050000000001,1.0446000000000002,4.0,5.0,4.0
77,CHEMBL420133,CC(C)C[C@H](NC(=O)c1cccc(Oc2ccccc2)c1)C(=O)N[C@@H](CC(F)F)C(=O)C(=O)O,inactive,476.47600000000017,3.4171000000000014,3.0,5.0,3.6989700043360187
78,CHEMBL115359,CC(C)C[C@H](NC(=O)C(Cc1ccccc1)c1ccccc1)C(=O)N[C@@H](CC(F)F)C(=O)C(=O)O,inactive,488.5310000000002,3.3375000000000012,3.0,4.0,4.522878745280337
79,CHEMBL114125,CC(C)C[C@H](NC(=O)[C@H](O)c1cccs1)C(=O)N[C@@H](CC(F)F)C(=O)C(=O)O,inactive,420.4340000000001,1.1061000000000003,4.0,6.0,4.7447274948966935
80,CHEMBL112067,CC(C)C[C@H](NC(=O)Cn1c(-c2ccccc2)nc2ccccc21)C(=O)N[C@@H](CC(F)F)C(=O)C(=O)O,inactive,514.5290000000002,3.0279000000000007,3.0,6.0,3.6989700043360187
81,CHEMBL112992,CC(C)C[C@H](NC(=O)C(Sc1ccccc1)c1ccccc1)C(=O)N[C@@H](CC(F)F)C(=O)C(=O)O,intermediate,506.5710000000002,3.8446000000000016,3.0,5.0,5.154901959985743
82,CHEMBL405033,COc1cccc(CNC(=O)C(=O)[C@@H](CC(F)(F)F)NC(=O)[C@H](CC(C)C)NC(=O)[C@@H](NC(=O)[C@H](Cc2ccccc2C)NC(=O)[C@H](CCC(=O)O)NC(=O)[C@H](CC(=O)O)NC(=O)CCC(=O)O)C(C)(C)C)c1,active,1036.0679999999998,1.5893200000000098,10.0,12.0,8.221848749616356
83,CHEMBL412493,CC[C@H](NC(=O)C(=O)[C@@H](CC(F)(F)F)NC(=O)[C@H](CC(C)C)NC(=O)[C@@H](NC(=O)[C@H](Cc1ccccc1C)NC(=O)[C@H](CCC(=O)O)NC(=O)[C@H](CC(=O)O)NC(=O)CCC(=O)O)C(C)(C)C)c1ccc2ccccc2c1,active,1084.1559999999997,3.6850200000000095,10.0,11.0,8.096910013008056
84,CHEMBL120084,Cc1ccccc1C[C@H](NC(=O)[C@H](CCC(=O)O)NC(=O)[C@H](CC(=O)O)NC(=O)CCC(=O)O)C(=O)N[C@H](C(=O)N[C@@H](CC(C)C)C(=O)N[C@H](N)C(=O)C(N)=O)C(C)(C)C,active,848.9079999999998,-2.2865800000000007,11.0,12.0,8.154901959985743
85,CHEMBL427986,Cc1ccccc1C[C@H](NC(=O)[C@H](CCC(=O)O)NC(=O)[C@H](CC(=O)O)NC(=O)CCC(=O)O)C(=O)N[C@H](C(=O)N[C@@H](CC(C)C)C(=O)N[C@H](CC(F)(F)F)C(=O)C(=O)N[C@@H](C)c1ccc2ccccc2c1)C(C)(C)C,active,1070.1289999999997,3.294920000000011,10.0,11.0,8.397940008672037
86,CHEMBL262654,Cc1ccccc1C[C@H](NC(=O)[C@H](CCC(=O)O)NC(=O)[C@H](CC(=O)O)NC(=O)CCC(=O)O)C(=O)N[C@H](C(=O)N[C@@H](CC(C)C)C(=O)N[C@H](CC(F)(F)F)C(=O)C(=O)NCc1ccccc1)C(C)(C)C,active,1006.0419999999999,1.580720000000007,10.0,11.0,8.397940008672037
87,CHEMBL269187,Cc1ccccc1C[C@H](NC(=O)[C@H](CCC(=O)O)NC(=O)[C@H](CC(=O)O)NC(=O)CCC(=O)O)C(=O)N[C@H](C(=O)N[C@@H](CC(C)C)C(=O)N[C@H](CC(F)(F)F)C(=O)C(=O)N[C@H](c1ccccc1)C(C)C)C(C)(C)C,active,1048.1229999999998,2.77782000000001,10.0,11.0,8.154901959985743
88,CHEMBL331243,CCCC[C@@H](NC(=O)[C@H](CC(C)C)NC(=O)[C@@H](NC(=O)[C@H](Cc1ccccc1C)NC(=O)[C@H](CCC(=O)O)NC(=O)[C@H](CC(=O)O)NC(=O)CCC(=O)O)C(C)(C)C)C(=O)C(N)=O,active,890.001,-0.01257999999999504,10.0,11.0,7.958607314841775
89,CHEMBL405304,CC[C@H](NC(=O)C(=O)[C@@H](CC(F)(F)F)NC(=O)[C@H](CC(C)C)NC(=O)[C@@H](NC(=O)[C@H](Cc1ccccc1C)NC(=O)[C@H](CCC(=O)O)NC(=O)[C@H](CC(=O)O)NC(=O)CCC(=O)O)C(C)(C)C)c1ccccc1,active,1034.0959999999998,2.5318200000000086,10.0,11.0,8.154901959985743
90,CHEMBL414922,Cc1ccccc1C[C@H](NC(=O)[C@H](CCC(=O)O)NC(=O)[C@H](CC(=O)O)NC(=O)CCC(=O)O)C(=O)N[C@H](C(=O)N[C@@H](CC(C)C)C(=O)N[C@H](CC(F)(F)F)C(=O)C(=O)N[C@H](C)c1ccccc1)C(C)(C)C,intermediate,1020.069,2.141720000000009,10.0,11.0,5.958607314841775
91,CHEMBL263772,Cc1ccccc1C[C@H](NC(=O)[C@H](CCC(=O)O)NC(=O)[C@H](CC(=O)O)NC(=O)CCC(=O)O)C(=O)N[C@H](C(=O)N[C@@H](CC(C)C)C(=O)N[C@H](CC(F)(F)F)C(=O)C(=O)N[C@@H](C)c1ccccc1)C(C)(C)C,active,1020.069,2.141720000000009,10.0,11.0,8.397940008672037
92,CHEMBL261963,Cc1ccccc1C[C@H](NC(=O)[C@H](CCC(=O)O)NC(=O)[C@H](CC(=O)O)NC(=O)CCC(=O)O)C(=O)N[C@H](C(=O)N[C@@H](CC(C)C)C(=O)N[C@H](CC(F)(F)F)C(=O)C(=O)NCc1ccc(O)cc1)C(C)(C)C,active,1022.0409999999999,1.286320000000007,11.0,12.0,8.397940008672037
93,CHEMBL297884,COc1ccc2c(O[C@@H]3C[C@H]4C(=O)N[C@]5(C(=O)O)C[C@H]5/C=C\CCCCC[C@H](NC(=O)OC5CCCC5)C(=O)N4C3)cc(-c3csc(NC(C)C)n3)nc2c1,active,774.941,6.052700000000005,4.0,11.0,9.096910013008056
94,CHEMBL3326536,COc1ccc2c(OC[C@@H]3C[C@H]4C(=O)N[C@@]5(C(=O)NS(=O)(=O)C6CC6)C[C@@H]5/C=C\CCCCN(C)C(=O)N34)cc(-c3ccccc3)nc2c1,intermediate,687.8190000000002,4.0073000000000025,2.0,8.0,5.619788758288394
95,CHEMBL3326537,COc1ccc2c(OC[C@H]3C[C@@H]4C(=O)N[C@@]5(C(=O)NS(=O)(=O)C6CC6)C[C@@H]5/C=C\CCCCN(C)C(=O)N34)cc(-c3ccccc3)nc2c1,active,687.8190000000002,4.0073000000000025,2.0,8.0,6.555955204081924
96,CHEMBL3326538,COc1ccc2c(OC[C@@H]3C[C@H]4C(=O)N(C)CCCC/C=C\[C@H]5C[C@]5(C(=O)NS(=O)(=O)C5CC5)NC(=O)N34)cc(-c3ccccc3)nc2c1,active,687.8190000000002,4.007300000000002,2.0,8.0,7.346787486224656
97,CHEMBL3326539,COc1ccc2c(OC[C@H]3C[C@@H]4C(=O)N(C)CCCC/C=C\[C@H]5C[C@]5(C(=O)NS(=O)(=O)C5CC5)NC(=O)N34)cc(-c3ccccc3)nc2c1,active,687.8190000000002,4.007300000000002,2.0,8.0,8.455931955649724
98,CHEMBL3326540,COc1ccc2c(OC[C@@H]3C[C@H]4C(=O)N(C)CCCC/C=C\[C@H]5C[C@]5(C(=O)NS(=O)(=O)C5(C)CC5)NC(=O)N34)cc(-c3nc(C(C)C)cs3)nc2c1F,active,768.9340000000001,5.116400000000004,2.0,10.0,7.774690718274137
99,CHEMBL3326826,COc1ccc2c(OC[C@@H]3C[C@H]4C(=O)N(C)CCCC/C=C\[C@H]5C[C@]5(C(=O)NS(=O)(=O)C5(C)CC5)NC(=O)N34)cc(-c3nc(C(C)C)cs3)nc2c1,active,750.9440000000001,4.977300000000004,2.0,10.0,8.886056647693163
100,CHEMBL3326827,COc1ccc2c(OC[C@@H]3C[C@H]4C(=O)N(C)CCCC/C=C\[C@H]5C[C@]5(C(=O)NS(=O)(=O)C5CC5)NC(=O)N34)cc(-c3nc(C(C)C)cs3)nc2c1C,active,750.944,4.895620000000004,2.0,10.0,6.0
101,CHEMBL3326828,COc1ccc2c(OC[C@@H]3C[C@H]4C(=O)N(C)CCCC/C=C\[C@H]5C[C@]5(C(=O)NS(=O)(=O)C5CC5)NC(=O)N34)cc(-c3nc(C(C)C)cs3)nc2c1Cl,active,771.362,5.240600000000004,2.0,10.0,6.0
102,CHEMBL3326829,COc1ccc2c(OC[C@@H]3C[C@H]4C(=O)N(C)CCCC/C=C\[C@H]5C[C@]5(C(=O)NS(=O)(=O)C5(C)CC5)NC(=O)N34)cc(-c3nc(C(C)C)cs3)nc2c1C,active,764.971,5.285720000000005,2.0,10.0,8.18045606445813
103,CHEMBL3326830,COc1ccc2c(OC[C@@H]3C[C@H]4C(=O)N(C)CCCC/C=C\[C@H]5C[C@]5(C(=O)NS(=O)(=O)C5(C)CC5)NC(=O)N34)cc(-c3nc(C(C)C)cs3)nc2c1Cl,active,785.389,5.630700000000005,2.0,10.0,8.67778070526608
104,CHEMBL3787685,Cc1nc2ccccc2c2c1O[C@]1(CC2)C[C@H]2C(=O)N[C@]3(C(=O)NS(=O)(=O)C4(C)CC4)C[C@H]3/C=C\CCCCC[C@H](NC(=O)OC(C)(C)C)C(=O)N2C1,active,749.9309999999997,4.494920000000002,3.0,9.0,10.080921907623926
105,CHEMBL3785323,COc1ccc2nc(C(F)(F)F)c3c(c2c1)CC[C@]1(C[C@H]2C(=O)N[C@]4(C(=O)NS(=O)(=O)C5(C)CC5)C[C@H]4/C=C\CCCCC[C@H](NC(=O)OCC(C)C)C(=O)N2C1)O3,active,833.9269999999997,5.071400000000005,3.0,10.0,11.0
106,CHEMBL2063090,C=C[C@@H]1C[C@]1(NC(=O)[C@@H]1C[C@@H]2CN1C(=O)[C@H](C(C)(C)C)NC(=O)O[C@@H]1C[C@H]1CCCCCc1nc3ccc(OC)cc3nc1O2)C(=O)NS(=O)(=O)C1CC1,active,766.9180000000002,3.3019000000000016,3.0,11.0,10.67778070526608
107,CHEMBL3787419,C=C[C@@H]1C[C@]1(NC(=O)[C@@H]1C[C@@H](Oc2ccc3ccccc3n2)CN1C(=O)[C@@H](NC(=O)OC(C)(C)C)C(C)(C)C)C(=O)NS(=O)(=O)C1(C)CC1,active,697.8550000000001,3.581900000000002,3.0,9.0,8.537602002101044
108,CHEMBL3786672,C=C[C@@H]1C[C@]1(NC(=O)[C@@H]1C[C@]2(CCc3c(c(C)nc4ccccc34)O2)CN1C(=O)[C@@H](NC(=O)OC(C)(C)C)C(C)(C)C)C(=O)NS(=O)(=O)C1(C)CC1,active,737.92,4.2067200000000025,3.0,9.0,10.337242168318426
109,CHEMBL3928647,C=C[C@@H]1C[C@]1(NC(=O)[C@@H]1C[C@]23CCc4c(c(nc5ccc(OC)cc45)CCCCC[C@@H]4C[C@H]4OC(=O)N[C@@H](C(C)(C)C)C(=O)N1C2)O3)C(=O)NS(=O)(=O)C1CC1,active,791.9680000000001,4.223300000000004,3.0,10.0,10.698970004336019
110,CHEMBL3956226,C=C[C@@H]1C[C@]1(NC(=O)[C@@H]1C[C@]23CCc4c(c(nc5ccc(OC)cc45)CCCCC[C@@H]4C[C@H]4OC(=O)N[C@@H](C(C)(C)C)C(=O)N1C2)O3)C(=O)NS(=O)(=O)C1(C)CC1,active,805.995,4.613400000000004,3.0,10.0,10.301029995663981
111,CHEMBL3962860,CC[C@@H]1C[C@]1(NC(=O)[C@@H]1C[C@]23CCc4c(c(nc5ccc(OC)cc45)CCCCC[C@@H]4C[C@H]4OC(=O)N[C@@H](C(C)(C)C)C(=O)N1C2)O3)C(=O)NS(=O)(=O)C1CC1,active,793.984,4.447300000000004,3.0,10.0,10.096910013008056
112,CHEMBL3893915,C=C[C@@H]1C[C@]1(NC(=O)[C@@H]1C[C@]23CCc4c(c(nc5ccc(OC)cc45)CCCCC[C@@H]4C[C@H]4OC(=O)N[C@@H](C4(C)CCCCC4)C(=O)N1C2)O3)C(=O)NS(=O)(=O)C1CC1,active,832.0329999999998,5.147600000000004,3.0,10.0,10.301029995663981
113,CHEMBL3952146,C=C[C@@H]1C[C@]1(NC(=O)[C@@H]1C[C@]23CCc4c(c(nc5ccc(OC)cc45)CCCCC[C@@H]4C[C@H]4OC(=O)N[C@@H](C4(C)CCCCC4)C(=O)N1C2)O3)C(=O)NS(=O)(=O)C1(C)CC1,active,846.0599999999997,5.537700000000005,3.0,10.0,10.154901959985743
114,CHEMBL3924454,C=C[C@@H]1C[C@]1(NC(=O)[C@@H]1C[C@]23CCc4c(c(nc5ccc(OC)cc45)CCCCC[C@@H]4CCC[C@H]4OC(=O)N[C@@H](C(C)(C)C)C(=O)N1C2)O3)C(=O)NS(=O)(=O)C1CC1,active,820.022,5.003500000000004,3.0,10.0,10.522878745280337
115,CHEMBL3943429,C=C[C@@H]1C[C@]1(NC(=O)[C@@H]1C[C@]23CCc4c(c(nc5ccc(OC)cc45)CCCCC[C@@H]4CCC[C@H]4OC(=O)N[C@@H](C(C)(C)C)C(=O)N1C2)O3)C(=O)NS(=O)(=O)C1(C)CC1,active,834.049,5.393600000000005,3.0,10.0,10.397940008672037
116,CHEMBL3915464,COc1ccc2nc3c4c(c2c1)CC[C@]1(C[C@H]2C(=O)N[C@]5(C(=O)NS(=O)(=O)C6(C)CC6)C[C@H]5/C=C\CCCCC[C@H](NC(=O)O[C@@H]5CCC[C@H]5CCCCC3)C(=O)N2C1)O4,active,846.0599999999994,5.681800000000005,3.0,10.0,10.301029995663981
117,CHEMBL3645575,C=C[C@@H]1C[C@]1(NC(=O)[C@@H]1C[C@@]2(CN1C(=O)[C@@H](NC(=O)OC(C)(C)C)C(C)(C)C)C(C)(C)C21CCC1)C(=O)NS(=O)(=O)N1CCCC1,active,663.8820000000002,3.2409000000000026,3.0,7.0,6.3979400086720375
118,CHEMBL3645576,C=C[C@@H]1C[C@]1(NC(=O)[C@@H]1C[C@@]2(CN1C(=O)[C@@H](NC(=O)[C@@H](NC(=O)OC(C)(C)C)C(C)(C)C)C(C)(C)C)C(C)(C)C21CCC1)C(=O)NS(=O)(=O)N1CCCC1,active,777.0419999999997,3.771800000000005,4.0,8.0,6.1249387366083
119,CHEMBL3645577,C=C[C@@H]1C[C@]1(NC(=O)[C@@H]1C[C@@]2(CN1C(=O)[C@@H](NC(=O)[C@@H](NC(=O)[C@@H]1CCCCN1C(C)C)C(C)(C)C)C(C)(C)C)C(C)(C)C21CCC1)C(=O)NS(=O)(=O)N1CCCC1,active,830.1499999999996,3.626200000000008,4.0,8.0,8.221848749616356
120,CHEMBL3645578,C=C[C@@H]1C[C@]1(NC(=O)[C@@H]1C[C@@]2(CN1C(=O)[C@@H](NC(=O)[C@@H](NC(=O)[C@@H]1CCCN(CC)C1)C(C)(C)C)C(C)(C)C)C(C)(C)C21CCC1)C(=O)NS(=O)(=O)N1CCCC1,active,816.1229999999997,3.095200000000008,4.0,8.0,7.455931955649724
121,CHEMBL3645579,C=C[C@@H]1C[C@]1(NC(=O)[C@@H]1C[C@@]2(CN1C(=O)[C@@H](NC(=O)[C@@H](NC(=O)OC(C)(C)C)C(C)(C)C)C(C)(C)C)C(C)(C)C21CCC1)C(=O)NS(=O)(=O)N1CCOCC1,intermediate,793.0409999999997,3.0082000000000066,4.0,9.0,5.1771783546968955
122,CHEMBL3645580,C=C[C@@H]1C[C@]1(NC(=O)[C@@H]1C[C@@]2(CN1C(=O)[C@@H](NC(=O)[C@@H](NC(=O)[C@@H]1CCCCN1C(C)C)C(C)(C)C)C(C)(C)C)C(C)(C)C21CCC1)C(=O)NS(=O)(=O)N1CCOCC1,active,846.1489999999997,2.8626000000000094,4.0,9.0,7.346787486224656
123,CHEMBL3645581,C=C[C@@H]1C[C@]1(NC(=O)[C@@H]1C[C@@]2(CN1C(=O)[C@@H](NC(=O)[C@@H](NC(=O)[C@@H]1CCCN(CC)C1)C(C)(C)C)C(C)(C)C)C(C)(C)C21CCC1)C(=O)NS(=O)(=O)N1CCOCC1,active,832.1219999999997,2.3316000000000088,4.0,9.0,6.346787486224656
124,CHEMBL3645582,C=C[C@@H]1C[C@]1(NC(=O)[C@@H]1C[C@@]2(CN1C(=O)[C@@H](NC(=O)[C@@H](NC(=O)[C@@H]1CCCCN1CCF)C(C)(C)C)C(C)(C)C)C(C)(C)C21CCC1)C(=O)NS(=O)(=O)N1CCOCC1,active,850.1119999999996,2.423700000000008,4.0,9.0,6.522878745280337
125,CHEMBL3645583,C=C[C@@H]1C[C@]1(NC(=O)[C@@H]1C[C@@]2(CN1C(=O)[C@@H](NC(=O)[C@@H](N1CCCC1=O)C(C)(C)C)C(C)(C)C)C(C)(C)C21CCC1)C(=O)NS(=O)(=O)N1CCCC1,active,744.9999999999999,2.869500000000005,3.0,7.0,7.0
126,CHEMBL3645584,C=C[C@@H]1C[C@]1(NC(=O)[C@@H]1C[C@@]2(CN1C(=O)[C@@H](NC(=O)[C@@H](NC(=O)C(C)(C)N1CCCC1)C(C)(C)C)C(C)(C)C)C(C)(C)C21CCC1)C(=O)NS(=O)(=O)N1CCCC1,active,816.1229999999997,3.2377000000000082,4.0,8.0,7.187086643357144
127,CHEMBL3645585,C=C[C@@H]1C[C@]1(NC(=O)[C@@H]1C[C@@]2(CN1C(=O)[C@@H](NC(=O)[C@@H](NC(=O)[C@@H]1CCCN1C(C)C)C(C)(C)C)C(C)(C)C)C(C)(C)C21CCC1)C(=O)NS(=O)(=O)N1CCCC1,active,816.1229999999996,3.2361000000000084,4.0,8.0,7.698970004336019
128,CHEMBL3645586,C=C[C@@H]1C[C@]1(NC(=O)[C@@H]1C[C@@]2(CN1C(=O)[C@@H](NC(=O)[C@@H](NC(=O)[C@@H]1CCN1C(C)C)C(C)(C)C)C(C)(C)C)C(C)(C)C21CCC1)C(=O)NS(=O)(=O)N1CCCC1,active,802.0959999999997,2.846000000000008,4.0,8.0,7.3979400086720375
129,CHEMBL3645587,C=C[C@@H]1C[C@]1(NC(=O)[C@@H]1C[C@@]2(CN1C(=O)[C@@H](NC(=O)[C@@H](NC(=O)[C@@H]1CCCCN1C(C)C)C1CCCCC1)C(C)(C)C)C(C)(C)C21CCC1)C(=O)NS(=O)(=O)N1CCCC1,active,856.1879999999996,4.160400000000008,4.0,8.0,8.522878745280337
130,CHEMBL3645588,C=C[C@@H]1C[C@]1(NC(=O)[C@@H]1C[C@@]2(CN1C(=O)[C@@H](NC(=O)[C@@H](NC(=O)C(C)(C)N1CCCC1)C1CCCCC1)C(C)(C)C)C(C)(C)C21CCC1)C(=O)NS(=O)(=O)N1CCCC1,active,842.1609999999997,3.7719000000000076,4.0,8.0,8.522878745280337
131,CHEMBL3645589,C=C[C@@H]1C[C@]1(NC(=O)[C@@H]1C[C@@]2(CN1C(=O)[C@@H](NC(=O)[C@@H](NC(=O)[C@@H]1CCCN1C(C)C)C1CCCCC1)C(C)(C)C)C(C)(C)C21CCC1)C(=O)NS(=O)(=O)N1CCCC1,active,842.1609999999997,3.7703000000000078,4.0,8.0,8.698970004336019
132,CHEMBL3645590,C=C[C@@H]1C[C@]1(NC(=O)[C@@H]1C[C@@]2(CN1C(=O)[C@@H](NC(=O)[C@@H](NC(=O)[C@H]1CCCN1C(C)C)C1CCCCC1)C(C)(C)C)C(C)(C)C21CCC1)C(=O)NS(=O)(=O)N1CCCC1,active,842.1609999999997,3.7703000000000078,4.0,8.0,8.638272163982407
133,CHEMBL3645591,C=C[C@@H]1C[C@]1(NC(=O)[C@@H]1C[C@@]2(CN1C(=O)[C@@H](NC(=O)[C@@H](NC(=O)[C@@H]1CCN1C(C)C)C1CCCCC1)C(C)(C)C)C(C)(C)C21CCC1)C(=O)NS(=O)(=O)N1CCCC1,active,828.1339999999997,3.3802000000000074,4.0,8.0,8.602059991327963
134,CHEMBL3645592,C=C[C@@H]1C[C@]1(NC(=O)[C@@H]1C[C@@]2(CN1C(=O)[C@@H](NC(=O)[C@@H](NC(=O)[C@H]1CCN1C(C)C)C1CCCCC1)C(C)(C)C)C(C)(C)C21CCC1)C(=O)NS(=O)(=O)N1CCCC1,active,828.1339999999997,3.3802000000000074,4.0,8.0,8.0
135,CHEMBL3645593,C=C[C@@H]1C[C@]1(NC(=O)[C@@H]1C[C@@]2(CN1C(=O)[C@@H](NC(=O)[C@@H](NC(=O)C1CN(C(C)C)C1)C1CCCCC1)C(C)(C)C)C(C)(C)C21CCC1)C(=O)NS(=O)(=O)N1CCCC1,active,828.1339999999997,3.2377000000000082,4.0,8.0,7.259637310505756
136,CHEMBL3645594,C=C[C@@H]1C[C@]1(NC(=O)[C@@H]1C[C@@]2(CN1C(=O)[C@@H](NC(=O)[C@@H](NC(=O)[C@@H]1CCCCN1CCF)C(C)(C)C)C(C)(C)C)C(C)(C)C21CCC1)C(=O)NS(=O)(=O)N1CCCC1,active,834.1129999999996,3.1873000000000076,4.0,8.0,7.154901959985743
137,CHEMBL3645595,C=C[C@@H]1C[C@]1(NC(=O)[C@@H]1C[C@@]2(CN1C(=O)[C@@H](NC(=O)[C@@H](NC(=O)[C@H]1CCCN1C(C)C)C(C)(C)C)C(C)(C)C)C(C)(C)C21CCC1)C(=O)NS(=O)(=O)N1CCCC1,active,816.1229999999996,3.2361000000000084,4.0,8.0,7.455931955649724
138,CHEMBL3645596,C=C[C@@H]1C[C@]1(NC(=O)[C@@H]1C[C@@]2(CN1C(=O)[C@@H](NC(=O)[C@@H](NC(=O)[C@H]1CCN1C(C)C)C(C)(C)C)C(C)(C)C)C(C)(C)C21CCC1)C(=O)NS(=O)(=O)N1CCCC1,active,802.0959999999997,2.846000000000008,4.0,8.0,7.022276394711152
139,CHEMBL3645597,C=C[C@@H]1C[C@]1(NC(=O)[C@@H]1C[C@@]2(CN1C(=O)[C@@H](NC(=O)[C@@H](NC(=O)C1CN(C(C)C)C1)C(C)(C)C)C(C)(C)C)C(C)(C)C21CCC1)C(=O)NS(=O)(=O)N1CCCC1,active,802.0959999999997,2.703500000000008,4.0,8.0,6.3979400086720375
140,CHEMBL3645598,C=C[C@@H]1C[C@]1(NC(=O)[C@@H]1C[C@@]2(CN1C(=O)[C@@H](NC(=O)[C@@H](NC(=O)C(C)(C)N1CCCCC1)C(C)(C)C)C(C)(C)C)C(C)(C)C21CCC1)C(=O)NS(=O)(=O)N1CCCC1,active,830.1499999999997,3.6278000000000077,4.0,8.0,7.187086643357144
141,CHEMBL3645599,C=C[C@@H]1C[C@]1(NC(=O)[C@@H]1C[C@@]2(CN1C(=O)[C@@H](NC(=O)[C@@H](NC(=O)C(C)(C)N1CCCCC1)C1CCCCC1)C(C)(C)C)C(C)(C)C21CCC1)C(=O)NS(=O)(=O)N1CCCC1,active,856.1879999999996,4.162000000000008,4.0,8.0,8.096910013008056
142,CHEMBL3645600,C=C[C@@H]1C[C@]1(NC(=O)[C@@H]1C[C@@]2(CN1C(=O)[C@@H](NC(=O)[C@@H](NC(=O)[C@@H]1CCCCN1CCF)C1CCCCC1)C(C)(C)C)C(C)(C)C21CCC1)C(=O)NS(=O)(=O)N1CCCC1,active,860.1509999999995,3.721500000000008,4.0,8.0,7.823908740944319
143,CHEMBL3645601,C=C[C@@H]1C[C@]1(NC(=O)[C@@H]1C[C@@]2(CN1C(=O)[C@@H](NC(=O)[C@@H](NC(=O)C1CCCN1C1CCCC1)C(C)(C)C)C(C)(C)C)C(C)(C)C21CCC1)C(=O)NS(=O)(=O)N1CCCC1,active,842.1609999999997,3.7703000000000078,4.0,8.0,8.0
144,CHEMBL3645602,C=C[C@@H]1C[C@]1(NC(=O)[C@@H]1C[C@@]2(CN1C(=O)[C@@H](NC(=O)[C@@H](NC(=O)[C@@H]1CCCN1C1CCCC1)C1CCCCC1)C(C)(C)C)C(C)(C)C21CCC1)C(=O)NS(=O)(=O)N1CCCC1,active,868.1989999999996,4.304500000000007,4.0,8.0,8.698970004336019
145,CHEMBL3645603,C=C[C@@H]1C[C@]1(NC(=O)[C@@H]1C[C@@]2(CN1C(=O)[C@@H](NC(=O)[C@@H](NC(=O)C1Cc3[nH]cnc3CN1)C(C)(C)C)C(C)(C)C)C(C)(C)C21CCC1)C(=O)NS(=O)(=O)N1CCCC1,active,826.0779999999995,1.800900000000008,6.0,9.0,7.3979400086720375
146,CHEMBL3645604,CC[C@@H]1C[C@]1(NC(=O)[C@@H]1C[C@@]2(CN1C(=O)[C@@H](NC(=O)[C@@H](NC(=O)[C@@H]1CCCCN1C(C)C)C(C)(C)C)C(C)(C)C)C(C)(C)C21CCC1)C(=O)NS(=O)(=O)N1CCCC1,active,832.1659999999996,3.850200000000009,4.0,8.0,7.2076083105017466
147,CHEMBL3645605,C=C[C@@H]1C[C@]1(NC(=O)[C@@H]1C[C@@]2(CN1C(=O)[C@@H](NC(=O)[C@@H](NC(=O)[C@@H]1CCCCN1C1CCCC1)C(C)(C)C)C(C)(C)C)C(C)(C)C21CCC1)C(=O)NS(=O)(=O)N1CCCC1,active,856.1879999999996,4.160400000000008,4.0,8.0,8.096910013008056
148,CHEMBL3645606,C=C[C@@H]1C[C@]1(NC(=O)[C@@H]1C[C@@]2(CN1C(=O)[C@@H](NC(=O)[C@@H](NC(=O)[C@@H]1CCCCN1C1CCCC1)C1CCCCC1)C(C)(C)C)C(C)(C)C21CCC1)C(=O)NS(=O)(=O)N1CCCC1,active,882.2259999999995,4.694600000000008,4.0,8.0,9.0
149,CHEMBL3645607,C=C[C@@H]1C[C@]1(NC(=O)[C@@H]1C[C@@]2(CN1C(=O)[C@@H](NC(=O)[C@@H](NC(=O)[C@@H]1CCCCN1CCOC)C1CCCCC1)C(C)(C)C)C(C)(C)C21CCC1)C(=O)NS(=O)(=O)N1CCCC1,active,872.1869999999996,3.3984000000000085,4.0,9.0,8.455931955649724
150,CHEMBL3645608,CC[C@@H]1C[C@]1(NC(=O)[C@@H]1C[C@@]2(CN1C(=O)[C@@H](NC(=O)[C@@H](NC(=O)[C@@H]1CCCCN1C(C)C)C1CCCCC1)C(C)(C)C)C(C)(C)C21CCC1)C(=O)NS(=O)(=O)N1CCCC1,active,858.2039999999996,4.384400000000008,4.0,8.0,8.346787486224656
151,CHEMBL3645609,C=C[C@@H]1C[C@]1(NC(=O)[C@@H]1C[C@@]2(CN1C(=O)[C@@H](NC(=O)[C@@H](NC(=O)[C@@H]1CCCCN1C(C)C)C1CCCCC1)C1CCCCC1)C(C)(C)C21CCC1)C(=O)NS(=O)(=O)N1CCCC1,active,882.2259999999994,4.694600000000008,4.0,8.0,8.522878745280337
152,CHEMBL3645610,C=C[C@@H]1C[C@]1(NC(=O)[C@@H]1C[C@@]2(CN1C(=O)[C@@H](NC(=O)[C@@H](NC(=O)[C@H]1CCCCN1CC)C1CCCCC1)C(C)(C)C)C(C)(C)C21CCC1)C(=O)NS(=O)(=O)N1CCCC1,active,842.1609999999997,3.7719000000000076,4.0,8.0,8.455931955649724
153,CHEMBL3645611,C=C[C@@H]1C[C@]1(NC(=O)[C@@H]1C[C@@]2(CN1C(=O)[C@@H](NC(=O)[C@@H](NC(=O)[C@@H]1CCCCN1CC)C1CCCCC1)C(C)(C)C)C(C)(C)C21CCC1)C(=O)NS(=O)(=O)N1CCCC1,active,842.1609999999997,3.7719000000000076,4.0,8.0,8.481486060122112
154,CHEMBL3645612,C=C[C@@H]1C[C@]1(NC(=O)[C@@H]1C[C@@]2(CN1C(=O)[C@@H](NC(=O)[C@@H](NC(=O)[C@H]1CCCN1CC)C1CCCCC1)C(C)(C)C)C(C)(C)C21CCC1)C(=O)NS(=O)(=O)N1CCCC1,active,828.1339999999998,3.3818000000000072,4.0,8.0,8.455931955649724
155,CHEMBL3645613,C=C[C@@H]1C[C@]1(NC(=O)[C@@H]1C[C@@]2(CN1C(=O)[C@@H](NC(=O)[C@@H](NC(=O)[C@@H]1CCCN1CC)C1CCCCC1)C(C)(C)C)C(C)(C)C21CCC1)C(=O)NS(=O)(=O)N1CCCC1,active,828.1339999999998,3.3818000000000072,4.0,8.0,8.602059991327963
156,CHEMBL3645614,C=C[C@@H]1C[C@]1(NC(=O)[C@@H]1C[C@@]2(CN1C(=O)[C@@H](NC(=O)[C@@H](NC(=O)C1CCN1C(C)(C)C)C1CCCCC1)C(C)(C)C)C(C)(C)C21CCC1)C(=O)NS(=O)(=O)N1CCCC1,active,842.1609999999997,3.7703000000000078,4.0,8.0,8.221848749616356
157,CHEMBL3645615,C=C[C@@H]1C[C@]1(NC(=O)[C@@H]1C[C@@]2(CN1C(=O)[C@@H](NC(=O)[C@@H](NC(=O)[C@@H]1CCCCN1C(C)C)C1CCCCC1)C1CCOCC1)C(C)(C)C21CCC1)C(=O)NS(=O)(=O)N1CCCC1,active,884.1979999999995,3.5409000000000077,4.0,9.0,9.045757490560675
158,CHEMBL3645616,C=C[C@@H]1C[C@]1(NC(=O)[C@@H]1C[C@@]2(CN1C(=O)[C@@H](NC(=O)[C@@H](NC(=O)c1cnccn1)C1CCCCC1)C1CCOCC1)C(C)(C)C21CCC1)C(=O)NS(=O)(=O)N1CCCC1,active,837.0569999999996,2.3818000000000055,4.0,10.0,7.3979400086720375
159,CHEMBL3645617,C=C[C@@H]1C[C@]1(NC(=O)[C@@H]1C[C@@]2(CN1C(=O)[C@@H](NC(=O)[C@@H](NC(=O)c1cnccn1)C1CCOCC1)C(C)(C)C)C(C)(C)C21CCC1)C(=O)NS(=O)(=O)N1CCCC1,active,811.0189999999997,1.8476000000000057,4.0,10.0,7.221848749616356
160,CHEMBL3645618,C=C[C@@H]1C[C@]1(NC(=O)[C@@H]1C[C@@]2(CN1C(=O)[C@@H](NC(=O)[C@@H](NC(=O)[C@@H]1CCCCN1C(C)C)C1CCOCC1)C(C)(C)C)C(C)(C)C21CCC1)C(=O)NS(=O)(=O)N1CCCC1,active,858.1599999999995,3.0067000000000093,4.0,9.0,7.823908740944319
161,CHEMBL3645619,C=C[C@@H]1C[C@]1(NC(=O)[C@@H]1C[C@@]2(CN1C(=O)[C@@H](NC(=O)[C@@H](NC(=O)[C@@H]1CCCCN1C(C)C)C1CCCCC1)C(C)(C)C)C(C)(C)C21CCC1)C(=O)NS(=O)(=O)N1CC[C@@H](F)C1,active,874.1779999999998,4.108400000000009,4.0,8.0,9.0
162,CHEMBL3645620,C=C[C@@H]1C[C@]1(NC(=O)[C@@H]1C[C@@]2(CN1C(=O)[C@@H](NC(=O)[C@@H](NC(=O)[C@@H]1CCCCN1C(C)C)C1CCCCC1)C(C)(C)C)C(C)(C)C21CCC1)C(=O)NS(=O)(=O)N1CC[C@H](F)C1,active,874.1779999999998,4.108400000000009,4.0,8.0,8.698970004336019
163,CHEMBL3645621,C=C[C@@H]1C[C@]1(NC(=O)[C@@H]1C[C@@]2(CN1C(=O)[C@@H](NC(=O)[C@@H](NC(=O)[C@H]1CCCCN1C(C)C)C1CCCCC1)C(C)(C)C)C(C)(C)C21CCC1)C(=O)NS(=O)(=O)N1CCCC1,active,856.1879999999996,4.160400000000008,4.0,8.0,8.318758762624412
164,CHEMBL3645622,C=C[C@@H]1C[C@]1(NC(=O)[C@@H]1C[C@@]2(CN1C(=O)[C@@H](NC(=O)[C@@H](NC(=O)[C@H]1CCCCN1C)C1CCCCC1)C(C)(C)C)C(C)(C)C21CCC1)C(=O)NS(=O)(=O)N1CCCC1,active,828.1339999999998,3.3818000000000072,4.0,8.0,9.045757490560675
165,CHEMBL3645623,C=C[C@@H]1C[C@]1(NC(=O)[C@@H]1C[C@@]2(CN1C(=O)[C@@H](NC(=O)[C@@H](NC(=O)[C@@H]1CCCCN1C(C)C)C1CCCCC1)C(C)(C)C)C(C)(C)C21CCC1)C(=O)NS(=O)(=O)N(C)C1CCC1,active,870.2149999999997,4.548900000000009,4.0,8.0,8.481486060122112
166,CHEMBL3645624,C=C[C@@H]1C[C@]1(NC(=O)[C@@H]1C[C@@]2(CN1C(=O)[C@@H](NC(=O)[C@@H](NC(=O)[C@@H]1CCCCN1C(C)C)C1CCCCC1)C(C)(C)C)C(C)(C)C21CCC1)C(=O)NS(=O)(=O)N(C)CC1CC1,active,870.2149999999997,4.4064000000000085,4.0,8.0,8.42021640338319
167,CHEMBL3645625,C=C[C@@H]1C[C@]1(NC(=O)[C@@H]1C[C@@]2(CN1C(=O)[C@@H](NC(=O)C(Nc1cccnc1)C(C)(C)C)C(C)(C)C)C(C)(C)C21CCC1)C(=O)NS(=O)(=O)N1CCCC1,intermediate,754.0109999999997,3.7542000000000044,4.0,8.0,5.939302159646388
168,CHEMBL3645626,C=C[C@@H]1C[C@]1(NC(=O)[C@@H]1C[C@@]2(CN1C(=O)[C@@H](NC(=O)[C@@H](NC(=O)[C@@H]1CCCCN1C(C)C)C1CCCCC1)C(C)(C)C)C(C)(C)C21CCC1)C(=O)NS(=O)(=O)N(C)c1ccccc1,active,892.2209999999999,5.201000000000009,4.0,8.0,8.602059991327963
169,CHEMBL3645627,C=C[C@@H]1C[C@]1(NC(=O)[C@@H]1C[C@@]2(CN1C(=O)[C@@H](NC(=O)[C@@H](NC(=O)[C@@H]1CCCCN1C(C)C)C1CCCCC1)C(C)(C)C)C(C)(C)C21CCC1)C(=O)NS(=O)(=O)N(C)C1CC1,active,856.1879999999998,4.158800000000008,4.0,8.0,8.769551078621726
170,CHEMBL3645628,C=C[C@@H]1C[C@]1(NC(=O)[C@@H]1C[C@@]2(CN1C(=O)[C@@H](NC(=O)[C@@H](NC(=O)[C@@H]1CCCCN1C(C)C)C1CCCCC1)C(C)(C)C)C(C)(C)C21CCC1)C(=O)NS(=O)(=O)N(CCOC)C1CC1,active,900.2409999999996,4.1754000000000095,4.0,9.0,8.602059991327963
171,CHEMBL3645629,C=C[C@@H]1C[C@]1(NC(=O)[C@@H]1C[C@@]2(CN1C(=O)[C@@H](NC(=O)[C@@H](NC(=O)[C@@H]1CCCCN1C(C)C)C1CCCCC1)C(C)(C)C)C(C)(C)C21CCC1)C(=O)NS(=O)(=O)N(C)OC,active,846.1489999999999,3.5578000000000083,4.0,9.0,8.853871964321762
172,CHEMBL3645630,C=C[C@@H]1C[C@]1(NC(=O)[C@@H]1C[C@@]2(CN1C(=O)[C@@H](NC(=O)[C@@H](NC(=O)[C@@H]1CCCCN1C(C)C)C1CCCCC1)C(C)(C)C)C(C)(C)C21CCC1)C(=O)NS(=O)(=O)N(C)CCOC,active,874.2029999999997,3.642800000000009,4.0,9.0,8.096910013008056
173,CHEMBL3645631,C=C[C@@H]1C[C@]1(NC(=O)[C@@H]1C[C@@]2(CN1C(=O)[C@@H](NC(=O)[C@@H](NC(=O)[C@@H]1CCCCN1C(C)C)C1CCCCC1)C(C)(C)C)C(C)(C)C21CCC1)C(=O)NS(=O)(=O)NC1CCC1,active,856.1879999999998,4.2067000000000085,5.0,8.0,8.187086643357144
174,CHEMBL3645632,C=C[C@@H]1C[C@]1(NC(=O)[C@@H]1C[C@@]2(CN1C(=O)[C@@H](NC(=O)[C@@H](NC(=O)[C@@H]1CCCCN1C(C)C)C1CCCC1)C(C)(C)C)C(C)(C)C21CCC1)C(=O)NS(=O)(=O)N1CCCC1,active,842.1609999999997,3.7703000000000078,4.0,8.0,8.455931955649724
175,CHEMBL3645633,C=C[C@@H]1C[C@]1(NC(=O)[C@@H]1C[C@@]2(CN1C(=O)[C@@H](NC(=O)[C@@H](NC(=O)[C@@H]1CCCN1C(C)C)C1CCCC1)C(C)(C)C)C(C)(C)C21CCC1)C(=O)NS(=O)(=O)N1CCCC1,active,828.1339999999997,3.3802000000000074,4.0,8.0,8.455931955649724
176,CHEMBL3645634,C=C[C@@H]1C[C@]1(NC(=O)[C@@H]1C[C@@]2(CN1C(=O)[C@@H](NC(=O)CC1(CC(N)=O)CCCCC1)C(C)(C)C)C(C)(C)C21CCC1)C(=O)NS(=O)(=O)N1CCCC1,intermediate,745.0,3.0484000000000036,4.0,7.0,5.903089986991944
177,CHEMBL3645635,C=C[C@@H]1C[C@]1(NC(=O)[C@@H]1C[C@@]2(CN1C(=O)[C@@H](NC(=O)CC1(CC#N)CCCCC1)C(C)(C)C)C(C)(C)C21CCC1)C(=O)NS(=O)(=O)N1CCCC1,active,726.985,4.086680000000003,3.0,7.0,6.1249387366083
178,CHEMBL3645636,C=C[C@@H]1C[C@]1(NC(=O)[C@@H]1C[C@@]2(CN1C(=O)[C@@H](NC(=O)[C@@H](NC(=O)[C@@H]1CCCN1C(C)C)C1CCCCC1)C(C)(C)C)C(C)(C)C21CCC1)C(=O)NS(=O)(=O)N(CC)CC,active,844.1769999999998,4.016300000000008,4.0,8.0,9.0
179,CHEMBL3645637,C=C[C@@H]1C[C@]1(NC(=O)[C@@H]1C[C@@]2(CN1C(=O)[C@@H](NC(=O)[C@@H](NC(=O)[C@@H]1CCCN1CC)C1CCCCC1)C(C)(C)C)C(C)(C)C21CCC1)C(=O)NS(=O)(=O)N(CC)CC,active,830.1499999999999,3.6278000000000077,4.0,8.0,8.920818753952375
180,CHEMBL3645638,C=C[C@@H]1C[C@]1(NC(=O)[C@@H]1C[C@@]2(CN1C(=O)[C@@H](NC(=O)[C@@H](NC(=O)[C@@H]1CCCCN1C1CCCC1)C1CCCCC1)C(C)(C)C)C(C)(C)C21CCC1)C(=O)NS(=O)(=O)N(CC)CC,active,884.2419999999996,4.940600000000009,4.0,8.0,8.698970004336019
181,CHEMBL3645639,C=C[C@@H]1C[C@]1(NC(=O)[C@@H]1C[C@@]2(CN1C(=O)[C@@H](NC(=O)[C@@H](NC(=O)[C@H]1CCCCN1C(C)C)C1CCCCC1)C(C)(C)C)C(C)(C)C21CCC1)C(=O)NS(=O)(=O)N(CC)CC,active,858.2039999999997,4.4064000000000085,4.0,8.0,8.346787486224656
182,CHEMBL3645640,C=C[C@@H]1C[C@]1(NC(=O)[C@@H]1C[C@@]2(CN1C(=O)C(NC(=O)C(NC(=O)[C@@H]1CCCCN1C(C)C)C1CCCCC1)C1CCCC1)C(C)(C)C21CCC1)C(=O)NS(=O)(=O)N1CCCC1,active,868.1989999999995,4.304500000000007,4.0,8.0,8.259637310505756
183,CHEMBL3645641,C=C[C@@H]1C[C@]1(NC(=O)C1C[C@@]2(CN1C(=O)[C@@H](NC(=O)[C@@H](NC(=O)[C@@H]1CCCCN1C(C)C)C(C)(C)C)C1CCOCC1)C(C)(C)C21CCC1)C(=O)NS(=O)(=O)N1CCCC1,active,858.1599999999995,3.0067000000000093,4.0,9.0,7.698970004336019
184,CHEMBL3645642,C=C[C@@H]1C[C@]1(NC(=O)C1C[C@@]2(CN1C(=O)[C@@H](NC(=O)c1cccc(C(=O)NCCC)c1)C(C)(C)C)C(C)(C)C21CCC1)C(=O)NS(=O)(=O)N1CCCC1,active,752.9789999999998,3.286000000000004,4.0,7.0,6.022276394711152
185,CHEMBL3645643,C=C[C@@H]1C[C@]1(NC(=O)[C@@H]1C[C@@]2(CN1C(=O)[C@@H](NC(=O)[C@@H](NC(=O)c1cccc(N(C)C)n1)C1CCCCC1)C(C)(C)C)C(C)(C)C21CCC1)C(=O)NS(=O)(=O)N1CCCC1,active,851.1279999999995,3.6723000000000052,4.0,9.0,7.301029995663981
186,CHEMBL3645644,C=C[C@@H]1C[C@]1(NC(=O)[C@@H]1C[C@@]2(CN1C(=O)[C@@H](NC(=O)[C@@H](NC(=O)c1cccnc1N(C)C)C1CCCCC1)C(C)(C)C)C(C)(C)C21CCC1)C(=O)NS(=O)(=O)N1CCCC1,active,851.1279999999995,3.6723000000000052,4.0,9.0,7.455931955649724
187,CHEMBL3645645,C=C[C@@H]1C[C@]1(NC(=O)[C@@H]1C[C@@]2(CN1C(=O)[C@@H](NC(=O)C(NC(=O)[C@@H]1CCCN1CC(F)(F)F)C1CCCCC1)C1CCOCC1)C(C)(C)C21CCC1)C(=O)NS(=O)(=O)N1CCCC1,active,910.1139999999992,3.3047000000000066,4.0,9.0,7.3979400086720375
188,CHEMBL3645646,C=C[C@@H]1C[C@]1(NC(=O)[C@@H]1C[C@@]2(CN1C(=O)[C@@H](NC(=O)C(NC(=O)[C@@H]1CCCN1CC(F)F)C1CCCCC1)C1CCOCC1)C(C)(C)C21CCC1)C(=O)NS(=O)(=O)N1CCCC1,active,892.1239999999993,3.0075000000000083,4.0,9.0,7.154901959985743
189,CHEMBL3645647,C=C[C@@H]1C[C@]1(NC(=O)[C@@H]1C[C@@]2(CN1C(=O)[C@@H](NC(=O)C(NC(=O)[C@@H]1CCCN1CCF)C1CCCCC1)C1CCOCC1)C(C)(C)C21CCC1)C(=O)NS(=O)(=O)N1CCCC1,active,874.1339999999994,2.711900000000009,4.0,9.0,7.823908740944319
190,CHEMBL3645648,C=C[C@@H]1C[C@]1(NC(=O)[C@@H]1C[C@@]2(CN1C(=O)[C@@H](NC(=O)C(NC(=O)[C@@H]1CCCCN1CC(F)F)C1CCCCC1)C1CCOCC1)C(C)(C)C21CCC1)C(=O)NS(=O)(=O)N1CCCC1,active,906.1509999999993,3.3976000000000077,4.0,9.0,7.187086643357144
191,CHEMBL3645649,C=C[C@@H]1C[C@]1(NC(=O)[C@@H]1C[C@@]2(CN1C(=O)[C@@H](NC(=O)C(NC(=O)[C@@H]1CCCCN1CCF)C1CCCCC1)C1CCOCC1)C(C)(C)C21CCC1)C(=O)NS(=O)(=O)N1CCCC1,active,888.1609999999994,3.102000000000009,4.0,9.0,7.522878745280337
192,CHEMBL3639445,C=C[C@@H]1C[C@]1(NC(=O)[C@@H]1C[C@@]2(CN1C(=O)[C@@H](NC(=O)C(NC(=O)[C@@H]1CCCN1C(=O)OCCF)C1CCCCC1)C1CCOCC1)C(C)(C)C21CCC1)C(=O)NS(=O)(=O)N1CCCC1,active,918.1429999999992,2.8485000000000094,4.0,10.0,7.096910013008056
193,CHEMBL3645650,C=C[C@@H]1C[C@]1(NC(=O)[C@@H]1C[C@@]2(CN1C(=O)[C@@H](NC(=O)[C@@H](NC(=O)[C@@H]1CCCCN1CC)C1CCCCC1)C(C)(C)C)C(C)(C)C21CCC1)C(=O)NS(=O)(=O)N(CC)CC,active,844.1769999999998,4.017900000000008,4.0,8.0,9.045757490560675
194,CHEMBL3645651,C=C[C@@H]1C[C@]1(NC(=O)C1C[C@@]2(CN1C(=O)[C@@H](NC(=O)C1CCCNC1=O)C(C)(C)C)C(C)(C)C21CCC1)C(=O)NS(=O)(=O)N1CCCC1,active,688.8920000000002,1.358600000000004,4.0,7.0,6.187086643357144
195,CHEMBL3645652,C=C[C@@H]1C[C@]1(NC(=O)[C@@H]1C[C@@]2(CN1C(=O)[C@@H](NC(=O)[C@@H](NC(=O)[C@@H]1CCCCN1C(C)C)C1CCCC1)C(C)(C)C)C(C)(C)C21CCC1)C(=O)NS(=O)(=O)N(CC)CC,active,844.1769999999998,4.016300000000008,4.0,8.0,8.602059991327963
196,CHEMBL3645653,C=C[C@@H]1C[C@]1(NC(=O)[C@@H]1C[C@@]2(CN1C(=O)C(NC(=O)C(NC(=O)[C@@H]1CCCCN1C(C)C)C1CCCCC1)C1CCCC1)C(C)(C)C21CCC1)C(=O)NS(=O)(=O)N(CC)CC,active,870.2149999999996,4.5505000000000075,4.0,8.0,8.698970004336019
197,CHEMBL3645654,C=C[C@@H]1C[C@]1(NC(=O)[C@@H]1C[C@@]2(CN1C(=O)[C@@H](NC(=O)[C@@H](NC(=O)[C@@H]1CCCCN1CC)C1CCCC1)C(C)(C)C)C(C)(C)C21CCC1)C(=O)NS(=O)(=O)N(CC)CC,active,830.1499999999999,3.6278000000000077,4.0,8.0,8.397940008672037
198,CHEMBL3645655,C=C[C@@H]1C[C@]1(NC(=O)[C@@H]1C[C@@]2(CN1C(=O)[C@@H](NC(=O)[C@@H](NC(=O)[C@@H]1CCCCN1C)C1CCCCC1)C(C)(C)C)C(C)(C)C21CCC1)C(=O)NS(=O)(=O)N1CCCC1,active,828.1339999999998,3.3818000000000072,4.0,8.0,8.602059991327963
199,CHEMBL3645656,C=C[C@@H]1C[C@]1(NC(=O)[C@@H]1C[C@@]2(CN1C(=O)[C@@H](NC(=O)[C@@H](NC(=O)[C@@H]1CCCCN1C(C)C)C1CCCCC1)C(C)(C)C)C(C)(C)C21CCC1)C(=O)NS(=O)(=O)N(C)CC(F)F,active,880.1569999999999,4.261500000000009,4.0,8.0,8.698970004336019
200,CHEMBL3645657,C=C[C@@H]1C[C@]1(NC(=O)[C@@H]1C[C@@]2(CN1C(=O)[C@@H](NC(=O)C(NC(=O)[C@@H]1CCCCN1C(C)C)C1CCCCC1)C1CCOCC1)C(C)(C)C21CCC1)C(=O)NS(=O)(=O)N(CC)CC,active,886.2139999999996,3.786900000000008,4.0,9.0,8.221848749616356
201,CHEMBL3645658,C=C[C@@H]1C[C@]1(NC(=O)[C@@H]1C[C@@]2(CN1C(=O)[C@@H](NC(=O)C(NC(=O)[C@@H]1CCCCN1CC)C1CCCCC1)C1CCOCC1)C(C)(C)C21CCC1)C(=O)NS(=O)(=O)N(CC)CC,active,872.1869999999997,3.3984000000000094,4.0,9.0,8.346787486224656
202,CHEMBL3645659,CC[C@@H]1C[C@]1(NC(=O)[C@@H]1C[C@@]2(CN1C(=O)[C@@H](NC(=O)C(NC(=O)[C@@H]1CCCCN1CC)C1CCCCC1)C(C)(C)C)C(C)(C)C21CCC1)C(=O)NS(=O)(=O)N(CC)CC,active,846.1929999999998,4.241900000000008,4.0,8.0,8.346787486224656
203,CHEMBL3645660,CC[C@@H]1C[C@]1(NC(=O)[C@@H]1C[C@@]2(CN1C(=O)[C@@H](NC(=O)[C@@H](NC(=O)[C@@H]1CCCCN1CC)C1CCCCC1)C(C)(C)C)C(C)(C)C21CCC1)C(=O)NS(=O)(=O)N1CCCC1,active,844.1769999999997,3.995900000000008,4.0,8.0,8.154901959985743
204,CHEMBL3645661,C=C[C@@H]1C[C@]1(NC(=O)C1C[C@@]2(CN1C(=O)[C@@H](NC(=O)c1cccc(C(=O)NC)c1)C(C)(C)C)C(C)(C)C21CCC1)C(=O)NS(=O)(=O)N1CCCC1,active,724.9249999999998,2.5058000000000034,4.0,7.0,6.301029995663981
205,CHEMBL3645662,C=C[C@@H]1C[C@]1(NC(=O)[C@@H]1C[C@@]2(CN1C(=O)[C@@H](NC(=O)C(NC(=O)[C@@H]1CC(F)(F)CN1C(C)C)C1CCCCC1)C(C)(C)C)C(C)(C)C21CCC1)C(=O)NS(=O)(=O)N1CCCC1,active,878.1409999999993,4.015500000000007,4.0,8.0,7.522878745280337
206,CHEMBL3645663,CC[C@@H]1C[C@]1(NC(=O)[C@@H]1C[C@@]2(CN1C(=O)[C@@H](NC(=O)[C@@H](NC(=O)[C@@H]1CCCCN1C(C)C)C1CCCCC1)C(C)(C)C)C(C)(C)C21CCC1)C(=O)NS(=O)(=O)N(C)C1CC1,active,858.2039999999997,4.3828000000000085,4.0,8.0,8.187086643357144
207,CHEMBL3645664,C=C[C@@H]1C[C@]1(NC(=O)[C@@H]1C[C@@]2(CN1C(=O)[C@@H](NC(=O)[C@@H](NC(=O)[C@@H]1CCCN1C(C)C)C1CCCCC1)C(C)(C)C)C(C)(C)C21CCC1)C(=O)NS(=O)(=O)N(C)CC,active,830.1499999999999,3.626200000000008,4.0,8.0,8.301029995663981
208,CHEMBL3645665,C=C[C@@H]1C[C@]1(NC(=O)[C@@H]1C[C@@]2(CN1C(=O)[C@@H](NC(=O)[C@@H](NC(=O)[C@H]1CCCCN1C(C)C)C1CCCCC1)C(C)(C)C)C(C)(C)C21CCC1)C(=O)NS(=O)(=O)N(C)CC,active,844.1769999999998,4.016300000000008,4.0,8.0,8.522878745280337
209,CHEMBL3645666,C=C[C@@H]1C[C@]1(NC(=O)[C@@H]1C[C@@]2(CN1C(=O)[C@@H](NC(=O)[C@@H](NC(=O)[C@@H]1CCCCN1C)C1CCCCC1)C(C)(C)C)C(C)(C)C21CCC1)C(=O)NS(=O)(=O)N(C)CC,active,816.1229999999999,3.2377000000000082,4.0,8.0,8.698970004336019
210,CHEMBL3645667,C=C[C@@H]1C[C@]1(NC(=O)[C@@H]1C[C@@]2(CN1C(=O)[C@@H](NC(=O)[C@@H](NC(=O)[C@@H]1CCCCN1CC)C1CCCCC1)C(C)(C)C)C(C)(C)C21CCC1)C(=O)NS(=O)(=O)N(C)CC,active,830.1499999999999,3.6278000000000077,4.0,8.0,8.823908740944319
211,CHEMBL3645668,C=C[C@@H]1C[C@]1(NC(=O)[C@@H]1C[C@@]2(CN1C(=O)[C@@H](NC(=O)[C@@H](NC(=O)[C@@H]1CCCN1CC)C1CCCCC1)C(C)(C)C)C(C)(C)C21CCC1)C(=O)NS(=O)(=O)N1CCCCC1,active,842.1609999999997,3.7719000000000076,4.0,8.0,8.301029995663981
212,CHEMBL3645669,C=C[C@@H]1C[C@]1(NC(=O)[C@@H]1C[C@@]2(CN1C(=O)[C@@H](NC(=O)C(NC(=O)[C@@H]1CCCN1CC)C1CCCCC1)C1CCOCC1)C(C)(C)C21CCC1)C(=O)NS(=O)(=O)N(CC)CC,active,858.1599999999996,3.008300000000009,4.0,9.0,8.154901959985743
213,CHEMBL3645670,C=C[C@@H]1C[C@]1(NC(=O)[C@@H]1C[C@@]2(CN1C(=O)[C@@H](NC(=O)C(NC(=O)[C@@H]1CCCN1CC)C1CCCC1)C(C)(C)C)C(C)(C)C21CCC1)C(=O)NS(=O)(=O)N(CC)CC,active,816.1229999999998,3.2377000000000082,4.0,8.0,8.0
214,CHEMBL3645671,C=C[C@@H]1C[C@]1(NC(=O)[C@@H]1C[C@@]2(CN1C(=O)[C@@H](NC(=O)[C@@H](NC(=O)[C@@H]1CCCN1CC)C1CCCCC1)C(C)(C)C)C(C)(C)C21CCC1)C(=O)NS(=O)(=O)N(C)CCC,active,830.1499999999999,3.6278000000000077,4.0,8.0,8.154901959985743
215,CHEMBL3645672,CC[C@@H]1C[C@]1(NC(=O)[C@@H]1C[C@@]2(CN1C(=O)[C@@H](NC(=O)[C@@H](NC(=O)[C@@H]1CCCN1CC)C1CCCCC1)C(C)(C)C)C(C)(C)C21CCC1)C(=O)NS(=O)(=O)N1CCCC1,active,830.1499999999997,3.6058000000000083,4.0,8.0,7.698970004336019
216,CHEMBL3645673,CC[C@@H]1C[C@]1(NC(=O)[C@@H]1C[C@@]2(CN1C(=O)[C@@H](NC(=O)C(NC(=O)[C@@H]1CCCN1CC)C1CCCCC1)C(C)(C)C)C(C)(C)C21CCC1)C(=O)NS(=O)(=O)N(CC)CC,active,832.1659999999998,3.8518000000000088,4.0,8.0,8.0
217,CHEMBL3645674,C=C[C@@H]1C[C@]1(NC(=O)[C@@H]1C[C@@]2(CN1C(=O)[C@@H](NC(=O)[C@@H](NC(=O)[C@@H]1CCCN1CC)C1CCCCC1)C(C)(C)C)C(C)(C)C21CCC1)C(=O)NS(=O)(=O)N(C)CC,active,816.1229999999999,3.2377000000000082,4.0,8.0,8.602059991327963
218,CHEMBL3645675,C=C[C@@H]1C[C@]1(NC(=O)[C@@H]1C[C@@]2(CN1C(=O)[C@@H](NC(=O)[C@@H](NC(=O)[C@@H]1CCCN1CC)c1ccccc1)C(C)(C)C)C(C)(C)C21CCC1)C(=O)NS(=O)(=O)N1CCCC1,active,822.0859999999996,3.174200000000006,4.0,8.0,8.096910013008056
219,CHEMBL3645676,C=C[C@@H]1C[C@]1(NC(=O)[C@@H]1C[C@@]2(CN1C(=O)[C@@H](NC(=O)[C@@H](NC(=O)[C@@H]1CCCCN1CC)c1ccccc1)C(C)(C)C)C(C)(C)C21CCC1)C(=O)NS(=O)(=O)N1CCCC1,active,836.1129999999996,3.5643000000000056,4.0,8.0,7.698970004336019
220,CHEMBL3645677,C=C[C@@H]1C[C@]1(NC(=O)[C@@H]1C[C@@]2(CN1C(=O)[C@@H](NC(=O)[C@@H](NC(=O)[C@@H]1CCCCN1C(C)C)c1ccccc1)C(C)(C)C)C(C)(C)C21CCC1)C(=O)NS(=O)(=O)N1CCCC1,active,850.1399999999995,3.952800000000007,4.0,8.0,7.823908740944319
221,CHEMBL3645678,C=C[C@@H]1C[C@]1(NC(=O)[C@@H]1C[C@@]2(CN1C(=O)[C@@H](NC(=O)C(NC(=O)[C@@H]1CCC(F)(F)CN1C(C)C)C1CCCCC1)C(C)(C)C)C(C)(C)C21CCC1)C(=O)NS(=O)(=O)N1CCCC1,active,892.1679999999992,4.405600000000008,4.0,8.0,7.346787486224656
222,CHEMBL3645679,C=C[C@@H]1C[C@]1(NC(=O)[C@@H]1C[C@@]2(CN1C(=O)[C@@H](NC(=O)[C@@H](NC(=O)[C@@H]1CCCCN1C(C)C)C1CCCCC1)C(C)(C)C)C(C)(C)C21CCC1)C(=O)NS(=O)(=O)N(CC)CCC,active,872.2309999999997,4.796500000000009,4.0,8.0,8.0
223,CHEMBL3645680,C=C[C@@H]1C[C@]1(NC(=O)[C@@H]1C[C@@]2(CN1C(=O)[C@@H](NC(=O)[C@@H](NC(=O)[C@@H]1CCCN1CC)C1CCCCC1)C(C)(C)C)C(C)(C)C21CCC1)C(=O)NS(=O)(=O)N(CC)CCC,active,844.1769999999998,4.017900000000008,4.0,8.0,8.045757490560675
224,CHEMBL3645681,C=C[C@@H]1C[C@]1(NC(=O)[C@@H]1C[C@@]2(CN1C(=O)[C@@H](NC(=O)[C@@H](NC(=O)[C@@H]1CCCCN1C(C)C)C1CCCCC1)C(C)(C)C)C(C)(C)C21CCC1)C(=O)NS(=O)(=O)N(C)C(C)C,active,858.2039999999998,4.404800000000009,4.0,8.0,8.221848749616356
225,CHEMBL3645682,C=C[C@@H]1C[C@]1(NC(=O)[C@@H]1C[C@@]2(CN1C(=O)[C@@H](NC(=O)[C@@H](NC(=O)[C@@H]1CCCN1CC)C1CCCCC1)C(C)(C)C)C(C)(C)C21CCC1)C(=O)NS(=O)(=O)N(C)C(C)C,active,830.15,3.626200000000008,4.0,8.0,8.602059991327963
226,CHEMBL3645683,C=C[C@@H]1C[C@]1(NC(=O)[C@@H]1C[C@@]2(CN1C(=O)[C@@H](NC(=O)[C@@H](NC(=O)[C@@H]1CCCCN1C(C)C)C1CCCCC1)C(C)(C)C)C(C)(C)C21CCC1)C(=O)NS(=O)(=O)N(CC)C(C)C,active,872.2309999999998,4.794900000000009,4.0,8.0,8.096910013008056
227,CHEMBL3645684,C=C[C@@H]1C[C@]1(NC(=O)[C@@H]1C[C@@]2(CN1C(=O)[C@@H](NC(=O)[C@@H](NC(=O)[C@@H]1CCCN1CC)C1CCCCC1)C(C)(C)C)C(C)(C)C21CCC1)C(=O)NS(=O)(=O)N(CC)C(C)C,active,844.1769999999999,4.016300000000008,4.0,8.0,8.096910013008056
228,CHEMBL3645685,C=C[C@@H]1C[C@]1(NC(=O)[C@@H]1C[C@@]2(CN1C(=O)[C@@H](NC(=O)[C@@H](NC(=O)[C@@H]1CCCCN1C(C)C)C1CCCCC1)C(C)(C)C)C(C)(C)C21CCC1)C(=O)NS(=O)(=O)N(C)CCC,active,858.2039999999997,4.4064000000000085,4.0,8.0,8.853871964321762
229,CHEMBL3645686,C=C[C@@H]1C[C@]1(NC(=O)[C@@H]1C[C@@]2(CN1C(=O)[C@@H](NC(=O)[C@@H](NC(=O)[C@@H]1CCCCN1C(C)C)C1CCCCC1)C(C)(C)C)C(C)(C)C21CCC1)C(=O)NS(=O)(=O)N1CCCCC1,active,870.2149999999996,4.550500000000008,4.0,8.0,8.455931955649724
230,CHEMBL3645687,C=C[C@@H]1C[C@]1(NC(=O)[C@@H]1C[C@@]2(CN1C(=O)[C@@H](NC(=O)[C@@H](NC(=O)[C@H]1CCCCN1C(C)C)C1CCCCC1)C(C)(C)C)C(C)(C)C21CCC1)C(=O)NS(=O)(=O)N(C)CCC,active,858.2039999999997,4.4064000000000085,4.0,8.0,8.346787486224656
231,CHEMBL3645688,C=C[C@@H]1C[C@]1(NC(=O)[C@@H]1C[C@@]2(CN1C(=O)[C@@H](NC(=O)[C@@H](NC(=O)[C@H]1CCCCN1C(C)C)C1CCCCC1)C(C)(C)C)C(C)(C)C21CCC1)C(=O)NS(=O)(=O)N1CCCCC1,active,870.2149999999996,4.550500000000008,4.0,8.0,8.346787486224656
232,CHEMBL3645689,CC[C@@H]1C[C@]1(NC(=O)[C@@H]1C[C@@]2(CN1C(=O)[C@@H](NC(=O)[C@@H](NC(=O)[C@@H]1CCCN1C(C)C)C1CCCCC1)C(C)(C)C)C(C)(C)C21CCC1)C(=O)NS(=O)(=O)N1CCCC1,active,844.1769999999997,3.994300000000009,4.0,8.0,8.346787486224656
233,CHEMBL3645690,CC[C@@H]1C[C@]1(NC(=O)[C@@H]1C[C@@]2(CN1C(=O)[C@@H](NC(=O)[C@@H](NC(=O)[C@@H]1CCCN1C(C)C)C1CCCCC1)C(C)(C)C)C(C)(C)C21CCC1)C(=O)NS(=O)(=O)N(CC)CC,active,846.1929999999998,4.240300000000009,4.0,8.0,8.259637310505756
234,CHEMBL3645691,C=C[C@@H]1C[C@]1(NC(=O)[C@@H]1C[C@@]2(CN1C(=O)[C@@H](NC(=O)[C@@H](NC(=O)[C@@H]1CCCCN1C)C1CCCCC1)C(C)(C)C)C(C)(C)C21CCC1)C(=O)NS(=O)(=O)N(CC)CC,active,830.1499999999999,3.6278000000000077,4.0,8.0,8.346787486224656
235,CHEMBL3645692,C=C[C@@H]1C[C@]1(NC(=O)[C@@H]1C[C@@]2(CN1C(=O)[C@@H](NC(=O)[C@@H](NC(=O)[C@H]1CCCCN1C(C)C)C1CCCCC1)C(C)(C)C)C(C)(C)C21CCC1)C(=O)NS(=O)(=O)N(C)C(C)C,active,858.2039999999998,4.404800000000009,4.0,8.0,8.187086643357144
236,CHEMBL3645693,C=C[C@@H]1C[C@]1(NC(=O)[C@@H]1C[C@@]2(CN1C(=O)[C@@H](NC(=O)[C@@H](NC(=O)[C@H]1CCCCN1C(C)C)C1CCCCC1)C(C)(C)C)C(C)(C)C21CCC1)C(=O)NS(=O)(=O)N(CC)C(C)C,active,872.2309999999998,4.794900000000009,4.0,8.0,8.0
237,CHEMBL3645694,CC[C@@H]1C[C@]1(NC(=O)[C@@H]1C[C@@]2(CN1C(=O)[C@@H](NC(=O)[C@@H](NC(=O)[C@H]1CCCCN1C(C)C)C1CCCCC1)C(C)(C)C)C(C)(C)C21CCC1)C(=O)NS(=O)(=O)N(CC)CC,active,860.2199999999997,4.630400000000009,4.0,8.0,8.154901959985743
238,CHEMBL3645695,C=C[C@@H]1C[C@]1(NC(=O)[C@@H]1C[C@@]2(CN1C(=O)[C@@H](NC(=O)[C@@H](NC(=O)[C@@H]1CCCCN1C(C)C)C(C)C)C(C)(C)C)C(C)(C)C21CCC1)C(=O)NS(=O)(=O)N(CC)CC,active,818.1389999999997,3.482100000000009,4.0,8.0,8.853871964321762
239,CHEMBL3645696,CC[C@@H]1C[C@]1(NC(=O)[C@@H]1C[C@@]2(CN1C(=O)[C@@H](NC(=O)[C@@H](NC(=O)[C@H]1CCCCN1C(C)C)C1CCCCC1)C(C)(C)C)C(C)(C)C21CCC1)C(=O)NS(=O)(=O)N1CCCC1,active,858.2039999999996,4.384400000000008,4.0,8.0,8.096910013008056
240,CHEMBL3645697,C=C[C@@H]1C[C@]1(NC(=O)[C@@H]1C[C@@]2(CN1C(=O)[C@@H](NC(=O)[C@@H](NC(=O)[C@@H]1CCCCN1C(C)C)C1CCCCC1)C1(C)CCOCC1)C(C)(C)C21CCC1)C(=O)NS(=O)(=O)N1CCCC1,active,898.2249999999995,3.931000000000008,4.0,9.0,8.823908740944319
241,CHEMBL3645698,C=C[C@@H]1C[C@]1(NC(=O)[C@@H]1C[C@@]2(CN1C(=O)[C@@H](NC(=O)[C@@H](NC(=O)[C@@H]1CCCN1CC)C1CCCCC1)C1(C)CCOCC1)C(C)(C)C21CCC1)C(=O)NS(=O)(=O)N1CCCC1,active,870.1709999999996,3.152400000000009,4.0,9.0,9.522878745280337
242,CHEMBL3645699,C=C[C@@H]1C[C@]1(NC(=O)[C@@H]1C[C@@]2(CN1C(=O)[C@@H](NC(=O)[C@@H](NC(=O)[C@@H]1CCCN1CC)C(C)(C)C)C1(C)CCOCC1)C(C)(C)C21CCC1)C(=O)NS(=O)(=O)N1CCCC1,active,844.1329999999996,2.6182000000000087,4.0,9.0,8.221848749616356
243,CHEMBL3645700,C=C[C@@H]1C[C@]1(NC(=O)[C@@H]1C[C@@]2(CN1C(=O)[C@@H](NC(=O)[C@@H](NC(=O)[C@@H]1CCCCN1C(C)C)C1CCOCC1)C1(C)CCOCC1)C(C)(C)C21CCC1)C(=O)NS(=O)(=O)N1CCCC1,active,900.1969999999993,2.77730000000001,4.0,10.0,8.397940008672037
244,CHEMBL3645701,C=C[C@@H]1C[C@]1(NC(=O)[C@@H]1C[C@@]2(CN1C(=O)[C@@H](NC(=O)[C@@H](NC(=O)[C@@H]1CCCCN1C(C)C)C(C)(C)C)C1(C)CCOCC1)C(C)(C)C21CCC1)C(=O)NS(=O)(=O)N1CCCC1,active,872.1869999999994,3.3968000000000087,4.0,9.0,8.853871964321762
245,CHEMBL3645702,C=C[C@@H]1C[C@]1(NC(=O)[C@@H]1C[C@@]2(CN1C(=O)[C@@H](NC(=O)[C@@H](NC(=O)[C@@H]1CCCN1CC)C1CCOCC1)C1(C)CCOCC1)C(C)(C)C21CCC1)C(=O)NS(=O)(=O)N1CCCC1,active,872.1429999999996,1.9987000000000095,4.0,10.0,8.221848749616356
246,CHEMBL3645703,C=C[C@@H]1C[C@]1(NC(=O)[C@@H]1C[C@@]2(CN1C(=O)[C@@H](NC(=O)[C@@H](NC(=O)[C@@H]1CCCCN1C(C)C)C(C)C)C(C)C)C(C)(C)C21CCC1)C(=O)NS(=O)(=O)N(CC)CC,active,804.1119999999997,3.0920000000000085,4.0,8.0,8.096910013008056
247,CHEMBL3645704,C=C[C@@H]1C[C@]1(NC(=O)[C@@H]1C[C@@]2(CN1C(=O)[C@@H](NC(=O)[C@@H](NC(=O)[C@@H]1CCCCN1C(C)C)C(C)(C)C)C(C)C)C(C)(C)C21CCC1)C(=O)NS(=O)(=O)N(CC)CC,active,818.1389999999998,3.482100000000009,4.0,8.0,8.259637310505756
248,CHEMBL3645705,C=C[C@@H]1C[C@]1(NC(=O)[C@@H]1C[C@@]2(CN1C(=O)[C@@H](NC(=O)[C@@H](NC(=O)[C@@H]1CCCCN1C(C)C)C1CCCCC1)C(C)C)C(C)(C)C21CCC1)C(=O)NS(=O)(=O)N(CC)CC,active,844.1769999999998,4.016300000000008,4.0,8.0,8.55284196865778
249,CHEMBL3645706,C=C[C@@H]1C[C@]1(NC(=O)[C@@H]1C[C@@]2(CN1C(=O)[C@@H](NC(=O)[C@@H](NC(=O)[C@@H]1CCCCN1C(C)C)C1(C)CCCCC1)C(C)(C)C)C(C)(C)C21CCC1)C(=O)NS(=O)(=O)N(CC)CC,active,872.2309999999997,4.796500000000008,4.0,8.0,8.522878745280337
250,CHEMBL3645707,C=C[C@@H]1C[C@]1(NC(=O)[C@@H]1C[C@@]2(CN1C(=O)[C@@H](NC(=O)[C@@H](NC(=O)[C@@H]1CCCN1CC)C1(C)CCCCC1)C(C)(C)C)C(C)(C)C21CCC1)C(=O)NS(=O)(=O)N(CC)CC,active,844.1769999999998,4.017900000000008,4.0,8.0,8.301029995663981
251,CHEMBL3645708,C=C[C@@H]1C[C@]1(NC(=O)[C@@H]1C[C@@]2(CN1C(=O)[C@@H](NC(=O)[C@@H](NC(=O)[C@@H]1CCCCN1C(C)C)C1(C)CCCCC1)C(C)(C)C)C(C)(C)C21CCC1)C(=O)NS(=O)(=O)N1CCCC1,active,870.2149999999996,4.5505000000000075,4.0,8.0,8.346787486224656
252,CHEMBL3645709,C=C[C@@H]1C[C@]1(NC(=O)[C@@H]1C[C@@]2(CN1C(=O)[C@@H](NC(=O)[C@@H](NC(=O)[C@@H]1CCCN1CC)C1(C)CCCCC1)C(C)(C)C)C(C)(C)C21CCC1)C(=O)NS(=O)(=O)N1CCCC1,active,842.1609999999997,3.7719000000000076,4.0,8.0,8.154901959985743
253,CHEMBL3645710,C=C[C@@H]1C[C@]1(NC(=O)[C@@H]1C[C@@]2(CN1C(=O)[C@@H](NC(=O)[C@@H](NC(=O)[C@H]1CCCCN1C(C)C)C1CCCCC1)C(C)(C)C)C(C)(C)C21CCC1)C(=O)NS(=O)(=O)N(CC)CCC,active,872.2309999999997,4.796500000000009,4.0,8.0,8.455931955649724
254,CHEMBL3645711,CC[C@@H]1C[C@]1(NC(=O)[C@@H]1C[C@@]2(CN1C(=O)[C@@H](NC(=O)[C@@H](NC(=O)[C@@H]1CCCCN1C(C)C)C1CCCCC1)C(C)(C)C)C(C)(C)C21CCC1)C(=O)NS(=O)(=O)N(C)C(C)C,active,860.2199999999998,4.628800000000009,4.0,8.0,8.096910013008056
255,CHEMBL3645712,CCCN(C)S(=O)(=O)NC(=O)[C@@]1(NC(=O)[C@@H]2C[C@@]3(CN2C(=O)[C@@H](NC(=O)[C@@H](NC(=O)[C@@H]2CCCCN2C(C)C)C2CCCCC2)C(C)(C)C)C(C)(C)C32CCC2)C[C@H]1CC,active,860.2199999999993,4.630400000000009,4.0,8.0,8.0
256,CHEMBL3645713,C=C[C@@H]1C[C@]1(NC(=O)[C@@H]1C[C@@]2(CN1C(=O)[C@@H](NC(=O)[C@@H](NC(=O)[C@@H]1CCCCN1C(C)C)C1CCCCC1)C(C)(C)C)C(C)(C)C21CCC1)C(=O)NS(=O)(=O)N1CCC(F)(F)C1,active,892.1679999999998,4.405600000000009,4.0,8.0,8.522878745280337
257,CHEMBL3645714,C=C[C@@H]1C[C@]1(NC(=O)[C@@H]1C[C@@]2(CN1C(=O)[C@@H](NC(=O)C(NC(=O)[C@@H]1SCCN1CC)C1CCCCC1)C(C)(C)C)C(C)(C)C21CCC1)C(=O)NS(=O)(=O)N1CCCC1,active,846.1739999999995,3.292300000000006,4.0,9.0,8.045757490560675
258,CHEMBL3645715,C=C[C@@H]1C[C@]1(NC(=O)[C@@H]1C[C@@]2(CN1C(=O)[C@@H](NC(=O)[C@@H](NC(=O)[C@@H]1CCCN1CC)C1(C)CCCCC1)C1(C)CCOCC1)C(C)(C)C21CCC1)C(=O)NS(=O)(=O)N1CCCC1,active,884.1979999999995,3.5425000000000075,4.0,9.0,8.522878745280337
259,CHEMBL3645716,C=C[C@@H]1C[C@]1(NC(=O)[C@@H]1C[C@@]2(CN1C(=O)[C@@H](NC(=O)[C@@H](NC(=O)[C@@H]1CCCCN1C(C)C)C1(C)CCCCC1)C1(C)CCOCC1)C(C)(C)C21CCC1)C(=O)NS(=O)(=O)N1CCCC1,active,912.2519999999994,4.321100000000009,4.0,9.0,8.823908740944319
260,CHEMBL3645717,C=C[C@@H]1C[C@]1(NC(=O)[C@@H]1C[C@@]2(CN1C(=O)[C@@H](NC(=O)[C@@H](NC(=O)[C@@H]1CCCCN1C(C)C)C1CCCCC1)C1(C)CCOCC1)C(C)(C)C21CCC1)C(=O)NS(=O)(=O)N(CC)CC,active,900.2409999999995,4.1770000000000085,4.0,9.0,8.619788758288394
261,CHEMBL3645718,C=C[C@@H]1C[C@]1(NC(=O)[C@@H]1C[C@@]2(CN1C(=O)[C@@H](NC(=O)[C@@H](NC(=O)[C@@H]1CCCCN1CC)C1CCCCC1)C1(C)CCOCC1)C(C)(C)C21CCC1)C(=O)NS(=O)(=O)N(CC)CC,active,886.2139999999996,3.788500000000008,4.0,9.0,8.698970004336019
262,CHEMBL3645719,C=C[C@@H]1C[C@]1(NC(=O)[C@@H]1C[C@@]2(CN1C(=O)[C@@H](NC(=O)[C@@H](NC(=O)[C@@H]1CCCCN1C(C)C)C1(C)CCCCC1)C1(C)CCOCC1)C(C)(C)C21CCC1)C(=O)NS(=O)(=O)N(CC)CC,active,914.2679999999995,4.56710000000001,4.0,9.0,8.958607314841775
263,CHEMBL3645720,C=C[C@@H]1C[C@]1(NC(=O)[C@@H]1C[C@@]2(CN1C(=O)[C@@H](NC(=O)[C@@H](NC(=O)[C@@H]1CCCN1CC)C1(C)CCCCC1)C1(C)CCOCC1)C(C)(C)C21CCC1)C(=O)NS(=O)(=O)N(CC)CC,active,886.2139999999996,3.788500000000008,4.0,9.0,8.744727494896694
264,CHEMBL3645721,C=C[C@@H]1C[C@]1(NC(=O)[C@@H]1C[C@@]2(CN1C(=O)[C@@H](NC(=O)[C@@H](NC(=O)[C@@H]1CCCN1CC)C1CCCCC1)C1(C)CCOCC1)C(C)(C)C21CCC1)C(=O)NS(=O)(=O)N(CC)CC,active,872.1869999999997,3.3984000000000094,4.0,9.0,8.55284196865778
265,CHEMBL3645722,C=C[C@@H]1C[C@]1(NC(=O)[C@@H]1C[C@@]2(CN1C(=O)[C@@H](NC(=O)[C@@H](NC(=O)[C@@H]1CCCCN1C(C)C)C1CCCCC1)C(C)(C)C)C(C)(C)C21CCC1)C(=O)NS(=O)(=O)N(CC)CC(F)F,active,894.1839999999999,4.651600000000009,4.0,8.0,8.356547323513812
266,CHEMBL3645723,C=C[C@@H]1C[C@]1(NC(=O)[C@@H]1C[C@@]2(CN1C(=O)[C@@H](NC(=O)[C@@H](NC(=O)[C@@H]1CCCCN1C(C)C)C1CCCCC1)C(C)(C)C)C(C)(C)C21CCC1)C(=O)NS(=O)(=O)N(CC)CCF,active,876.1939999999997,4.35600000000001,4.0,8.0,8.886056647693163
267,CHEMBL3645724,C=C[C@@H]1C[C@]1(NC(=O)[C@@H]1C[C@@]2(CN1C(=O)[C@@H](NC(=O)[C@@H](NC(=O)[C@@H]1CCCN1CC)C1(C)CCOCC1)C1(C)CCCCC1)C(C)(C)C21CCC1)C(=O)NS(=O)(=O)N(CC)CC,active,886.2139999999995,3.788500000000008,4.0,9.0,9.0
268,CHEMBL3645725,C=C[C@@H]1C[C@]1(NC(=O)[C@@H]1C[C@@]2(CN1C(=O)[C@@H](NC(=O)[C@@H](NC(=O)[C@@H]1CCCCN1C(C)C)C1(C)CCOCC1)C1(C)CCCCC1)C(C)(C)C21CCC1)C(=O)NS(=O)(=O)N(CC)CC,active,914.2679999999992,4.56710000000001,4.0,9.0,7.657577319177793
269,CHEMBL3645726,C=C[C@@H]1C[C@]1(NC(=O)[C@@H]1C[C@@]2(CN1C(=O)[C@@H](NC(=O)[C@@H](NC(=O)[C@@H]1CCCN1CC)C1(C)CCCCC1)C1(C)CCCCC1)C(C)(C)C21CCC1)C(=O)NS(=O)(=O)N(CC)CC,active,884.2419999999995,4.942200000000009,4.0,8.0,7.958607314841775
270,CHEMBL3645727,C=C[C@@H]1C[C@]1(NC(=O)[C@@H]1C[C@@]2(CN1C(=O)[C@@H](NC(=O)[C@@H](NC(=O)[C@@H]1CCCCN1C(C)C)C1(C)CCCCC1)C1(C)CCCCC1)C(C)(C)C21CCC1)C(=O)NS(=O)(=O)N(CC)CC,active,912.2959999999994,5.7208000000000085,4.0,8.0,8.522878745280337
271,CHEMBL3645728,C=C[C@@H]1C[C@]1(NC(=O)[C@@H]1C[C@@]2(CN1C(=O)[C@@H](NC(=O)[C@@H](NC(=O)c1[nH]c(C)c(C)c1C(C)=O)C(C)(C)C)C(C)(C)C)C(C)(C)C21CCC1)C(=O)NS(=O)(=O)C1CC1,active,811.0589999999997,3.976240000000006,5.0,8.0,7.187086643357144
272,CHEMBL3645729,C=C[C@@H]1C[C@]1(NC(=O)[C@@H]1C[C@@]2(CN1C(=O)[C@@H](NC(=O)[C@@H](NC(=O)[C@@H]1CCCCN1C(C)C)C1CCCCC1)C(C)(C)C)C(C)(C)C21CCC1)C(=O)NS(=O)(=O)N(C)C,active,830.1499999999999,3.626200000000008,4.0,8.0,9.045757490560675
273,CHEMBL3645730,C=CC1CC1(NC(=O)[C@@H]1C[C@@]2(CN1C(=O)[C@@H](NC(=O)[C@@H](NC(=O)C1CCCCN1C(C)C)C(C)(C)C)C(C)(C)C)C(C)(C)C21CCC1)C(=O)NS(=O)(=O)N1CCC[C@H]1CO,intermediate,860.1759999999997,2.987100000000009,5.0,9.0,5.823908740944319
274,CHEMBL3645731,C=CC1CC1(NC(=O)[C@@H]1C[C@@]2(CN1C(=O)[C@@H](NC(=O)[C@@H](NC(=O)C1CCCCN1C(C)C)C1CCCCC1)C(C)(C)C)C(C)(C)C21CCC1)C(=O)NS(=O)(=O)N1CC(F)(F)C1,active,878.1409999999998,4.015500000000008,4.0,8.0,8.096910013008056
275,CHEMBL3645732,C=C[C@@H]1C[C@]1(NC(=O)[C@@H]1C[C@@]2(CN1C(=O)[C@@H](NC(=O)C(NC(=O)c1cnccn1)C1CCCCC1)C(C)(C)C)C(C)(C)C21CCC1)C(=O)NS(=O)(=O)NC1CC1,active,795.0199999999999,2.657500000000004,5.0,9.0,8.207608310501746
276,CHEMBL3645733,C=C[C@@H]1C[C@]1(NC(=O)[C@@H]1C[C@@]2(CN1C(=O)[C@@H](NC(=O)C(NC(=O)c1cnccn1)C1CCCCC1)C(C)(C)C)C(C)(C)C21CCC1)C(=O)NS(=O)(=O)NC(C)(C)C,active,811.0629999999999,3.293600000000005,5.0,9.0,8.0
277,CHEMBL3645734,C=C[C@@H]1C[C@]1(NC(=O)[C@@H]1C[C@@]2(CN1C(=O)[C@@H](NC(=O)C(NC(=O)c1cnccn1)C1CCCCC1)C(C)(C)C)C(C)(C)C21CCC1)C(=O)NS(=O)(=O)N(C)CC,active,797.0359999999998,2.857200000000005,4.0,9.0,9.221848749616356
278,CHEMBL3645735,C=C[C@@H]1C[C@]1(NC(=O)[C@@H]1C[C@@]2(CN1C(=O)[C@@H](NC(=O)C(NC(=O)c1cnccn1)C1CCCCC1)C(C)(C)C)C(C)(C)C21CCC1)C(=O)NS(=O)(=O)N(C)CCCl,active,831.4809999999998,3.0761000000000047,4.0,9.0,7.522878745280337
279,CHEMBL3645736,C=C[C@@H]1C[C@]1(NC(=O)[C@@H]1C[C@@]2(CN1C(=O)[C@@H](NC(=O)C(NC(=O)[C@@H]1CCCCN1C(C)C)C1CCCCC1)C(C)(C)C)C(C)(C)C21CCC1)C(=O)NS(=O)(=O)NC(C)(C)C,active,858.2039999999998,4.452700000000009,5.0,8.0,8.823908740944319
280,CHEMBL3645737,C=C[C@@H]1C[C@]1(NC(=O)[C@@H]1C[C@@]2(CN1C(=O)[C@@H](NC(=O)C(NC(=O)[C@@H]1CCCCN1C(C)C)C1CCCCC1)C(C)(C)C)C(C)(C)C21CCC1)C(=O)NS(=O)(=O)N(C)CC,active,844.1769999999998,4.016300000000008,4.0,8.0,9.301029995663981
281,CHEMBL3645738,C=C[C@@H]1C[C@]1(NC(=O)[C@@H]1C[C@@]2(CN1C(=O)[C@@H](NC(=O)C(NC(=O)[C@@H]1CCCCN1C(C)C)C1CCCCC1)C(C)(C)C)C(C)(C)C21CCC1)C(=O)NS(=O)(=O)N(C)CCCl,active,878.6219999999997,4.235200000000009,4.0,8.0,9.0
282,CHEMBL3645739,C=C[C@@H]1C[C@]1(NC(=O)[C@@H]1C[C@@]2(CN1C(=O)[C@@H](NC(=O)C(NC(=O)[C@@H]1CCCCN1C(C)C)C1CCCCC1)C(C)(C)C)C(C)(C)C21CCC1)C(=O)NS(=O)(=O)NC1CC1,active,842.1609999999998,3.816600000000008,5.0,8.0,8.602059991327963
283,CHEMBL3645740,C=C[C@@H]1C[C@]1(NC(=O)[C@@H]1C[C@@]2(CN1C(=O)[C@@H](NC(=O)C(NC(=O)c1cnccn1)C1CCCCC1)C(C)(C)C)C(C)(C)C21CCC1)C(=O)NS(=O)(=O)N(CC)CC,active,811.0629999999998,3.2473000000000054,4.0,9.0,8.522878745280337
284,CHEMBL3645741,C=C[C@@H]1C[C@]1(NC(=O)[C@@H]1C[C@@]2(CN1C(=O)[C@@H](NC(=O)C(NC(=O)[C@@H]1CCCCN1C(C)C)C1CCCCC1)C(C)(C)C)C(C)(C)C21CCC1)C(=O)NS(=O)(=O)N(CC)CC,active,858.2039999999997,4.4064000000000085,4.0,8.0,9.221848749616356
285,CHEMBL3645742,C=C[C@@H]1C[C@]1(NC(=O)[C@@H]1C[C@@]2(CN1C(=O)[C@@H](NC(=O)[C@@H](NC(=O)Cc1ccncc1)C1CCCCC1)C(C)(C)C)C(C)(C)C21CCC1)C(=O)NS(=O)(=O)N1CCCC1,active,822.0859999999997,3.535200000000006,4.0,8.0,8.0
286,CHEMBL3645743,C=C[C@@H]1C[C@]1(NC(=O)[C@@H]1C[C@@]2(CN1C(=O)[C@@H](NC(=O)[C@@H](NC(=O)c1cc3cc(OC)ccc3[nH]1)C1CCCCC1)C(C)(C)C)C(C)(C)C21CCC1)C(=O)NS(=O)(=O)N1CCCC1,active,876.1339999999993,4.701200000000006,5.0,8.0,7.6020599913279625
287,CHEMBL3645744,C=C[C@@H]1C[C@]1(NC(=O)[C@@H]1C[C@@]2(CN1C(=O)[C@@H](NC(=O)[C@@H](NC(=O)CN1CCc3ccccc3C1)C1CCCCC1)C(C)(C)C)C(C)(C)C21CCC1)C(=O)NS(=O)(=O)N1CCCC1,active,876.1779999999994,3.955800000000009,4.0,8.0,7.6020599913279625
288,CHEMBL3645745,C=C[C@@H]1C[C@]1(NC(=O)[C@@H]1C[C@@]2(CN1C(=O)[C@@H](NC(=O)[C@@H](NC(=O)c1cc3ccccc3n1C)C1CCCCC1)C(C)(C)C)C(C)(C)C21CCC1)C(=O)NS(=O)(=O)N1CCCC1,active,860.1349999999994,4.703000000000006,4.0,8.0,7.096910013008056
289,CHEMBL3645746,C=C[C@@H]1C[C@]1(NC(=O)[C@@H]1C[C@@]2(CN1C(=O)[C@@H](NC(=O)[C@@H](NC(=O)CC1CCCCO1)C1CCCCC1)C(C)(C)C)C(C)(C)C21CCC1)C(=O)NS(=O)(=O)N1CCCC1,active,829.1179999999998,3.856700000000007,4.0,8.0,7.6020599913279625
290,CHEMBL3645747,C=C[C@@H]1C[C@]1(NC(=O)[C@@H]1C[C@@]2(CN1C(=O)[C@@H](NC(=O)[C@@H](NC(=O)c1cc(C)nn1CC)C1CCCCC1)C(C)(C)C)C(C)(C)C21CCC1)C(=O)NS(=O)(=O)N1CCCC1,active,839.1169999999996,3.7361200000000068,4.0,9.0,7.522878745280337
291,CHEMBL3645748,C=C[C@@H]1C[C@]1(NC(=O)[C@@H]1C[C@@]2(CN1C(=O)[C@@H](NC(=O)[C@@H](NC(=O)c1cc(C(C)(C)C)nn1C)C1CCCCC1)C(C)(C)C)C(C)(C)C21CCC1)C(=O)NS(=O)(=O)N1CCCC1,active,867.1709999999995,4.242300000000006,4.0,9.0,7.045757490560675
292,CHEMBL3639446,C=C[C@@H]1C[C@]1(NC(=O)[C@@H]1C[C@@]2(CN1C(=O)[C@@H](NC(=O)[C@@H](NC(=O)c1ccccc1NC)C1CCCCC1)C(C)(C)C)C(C)(C)C21CCC1)C(=O)NS(=O)(=O)N1CCCC1,active,836.1129999999996,4.253000000000005,5.0,8.0,7.154901959985743
293,CHEMBL3645749,C=C[C@@H]1C[C@]1(NC(=O)[C@@H]1C[C@@]2(CN1C(=O)[C@@H](NC(=O)[C@@H](NC(=O)c1cc(C)nn1C(C)(C)C)C1CCCCC1)C(C)(C)C)C(C)(C)C21CCC1)C(=O)NS(=O)(=O)N1CCCC1,active,867.1709999999995,4.471220000000007,4.0,9.0,7.022276394711152
294,CHEMBL3645750,C=C[C@@H]1C[C@]1(NC(=O)[C@@H]1C[C@@]2(CN1C(=O)[C@@H](NC(=O)[C@@H](NC(=O)c1cnn(-c3ccccc3)c1)C1CCCCC1)C(C)(C)C)C(C)(C)C21CCC1)C(=O)NS(=O)(=O)N1CCCC1,active,873.1339999999992,4.3970000000000065,4.0,9.0,7.455931955649724
295,CHEMBL3645751,C=C[C@@H]1C[C@]1(NC(=O)[C@@H]1C[C@@]2(CN1C(=O)[C@@H](NC(=O)[C@@H](NC(=O)c1cc(CC)nn1C)C1CCCCC1)C(C)(C)C)C(C)(C)C21CCC1)C(=O)NS(=O)(=O)N1CCCC1,active,839.1169999999996,3.5072000000000054,4.0,9.0,7.3979400086720375
296,CHEMBL3645752,C=C[C@@H]1C[C@]1(NC(=O)[C@@H]1C[C@@]2(CN1C(=O)[C@@H](NC(=O)[C@@H](NC(=O)Cn1nc(C)cc1C)C1CCCCC1)C(C)(C)C)C(C)(C)C21CCC1)C(=O)NS(=O)(=O)N1CCCC1,active,839.1169999999996,3.411040000000007,4.0,9.0,7.187086643357144
297,CHEMBL3645753,C=C[C@@H]1C[C@]1(NC(=O)[C@@H]1C[C@@]2(CN1C(=O)[C@@H](NC(=O)[C@@H](NC(=O)[C@@H]1CCCN1C(C)=O)C1CCCCC1)C(C)(C)C)C(C)(C)C21CCC1)C(=O)NS(=O)(=O)N1CCCC1,active,842.1169999999997,2.9084000000000083,4.0,8.0,7.6020599913279625
298,CHEMBL3645754,C=C[C@@H]1C[C@]1(NC(=O)[C@@H]1C[C@@]2(CN1C(=O)[C@@H](NC(=O)[C@@H](NC(=O)c1cc3ccccc3[nH]1)C1CCCCC1)C(C)(C)C)C(C)(C)C21CCC1)C(=O)NS(=O)(=O)N1CCCC1,active,846.1079999999995,4.692600000000006,5.0,7.0,7.698970004336019
299,CHEMBL3645755,C=C[C@@H]1C[C@]1(NC(=O)[C@@H]1C[C@@]2(CN1C(=O)[C@@H](NC(=O)[C@@H](NC(=O)c1c[nH]c3ccccc13)C1CCCCC1)C(C)(C)C)C(C)(C)C21CCC1)C(=O)NS(=O)(=O)N1CCCC1,active,846.1079999999995,4.692600000000006,5.0,7.0,7.6020599913279625
300,CHEMBL3645756,C=C[C@@H]1C[C@]1(NC(=O)[C@@H]1C[C@@]2(CN1C(=O)[C@@H](NC(=O)[C@@H](NC(=O)c1ccc3[nH]ccc3c1)C1CCCCC1)C(C)(C)C)C(C)(C)C21CCC1)C(=O)NS(=O)(=O)N1CCCC1,active,846.1079999999995,4.692600000000006,5.0,7.0,7.698970004336019
301,CHEMBL3645757,C=C[C@@H]1C[C@]1(NC(=O)[C@@H]1C[C@@]2(CN1C(=O)[C@@H](NC(=O)[C@@H](NC(=O)c1cc3ccccc3o1)C1CCCCC1)C(C)(C)C)C(C)(C)C21CCC1)C(=O)NS(=O)(=O)N1CCCC1,active,847.0919999999995,4.957500000000006,4.0,8.0,7.259637310505756
302,CHEMBL3645758,C=C[C@@H]1C[C@]1(NC(=O)[C@@H]1C[C@@]2(CN1C(=O)[C@@H](NC(=O)[C@@H](NC(=O)c1ccc3occc3c1)C1CCCCC1)C(C)(C)C)C(C)(C)C21CCC1)C(=O)NS(=O)(=O)N1CCCC1,active,847.0919999999995,4.957500000000006,4.0,8.0,7.6020599913279625
303,CHEMBL3645759,C=C[C@@H]1C[C@]1(NC(=O)[C@@H]1C[C@@]2(CN1C(=O)[C@@H](NC(=O)[C@@H](NC(=O)[C@@H](OC)c1ccccc1)C1CCCCC1)C(C)(C)C)C(C)(C)C21CCC1)C(=O)NS(=O)(=O)N1CCCC1,active,851.1239999999995,4.285200000000008,4.0,8.0,7.6020599913279625
304,CHEMBL3645760,C=C[C@@H]1C[C@]1(NC(=O)[C@@H]1C[C@@]2(CN1C(=O)[C@@H](NC(=O)[C@@H](NC(=O)C1CCN(C(C)=O)CC1)C1CCCCC1)C(C)(C)C)C(C)(C)C21CCC1)C(=O)NS(=O)(=O)N1CCCC1,active,856.1439999999997,3.1560000000000086,4.0,8.0,8.0
305,CHEMBL3645761,C=C[C@@H]1C[C@]1(NC(=O)[C@@H]1C[C@@]2(CN1C(=O)[C@@H](NC(=O)[C@@H](NC(=O)c1nccc3ccccc13)C1CCCCC1)C(C)(C)C)C(C)(C)C21CCC1)C(=O)NS(=O)(=O)N1CCCC1,active,858.1189999999995,4.759500000000005,4.0,8.0,7.1249387366083
306,CHEMBL3645762,C=C[C@@H]1C[C@]1(NC(=O)[C@@H]1C[C@@]2(CN1C(=O)[C@@H](NC(=O)[C@@H](NC(=O)c1cnc3ccccc3c1)C1CCCCC1)C(C)(C)C)C(C)(C)C21CCC1)C(=O)NS(=O)(=O)N1CCCC1,active,858.1189999999995,4.759500000000005,4.0,8.0,7.698970004336019
307,CHEMBL3645763,C=C[C@@H]1C[C@]1(NC(=O)[C@@H]1C[C@@]2(CN1C(=O)[C@@H](NC(=O)[C@@H](NC(=O)c1ccnc3ccccc13)C1CCCCC1)C(C)(C)C)C(C)(C)C21CCC1)C(=O)NS(=O)(=O)N1CCCC1,active,858.1189999999995,4.759500000000005,4.0,8.0,7.3979400086720375
308,CHEMBL3645764,C=C[C@@H]1C[C@]1(NC(=O)[C@@H]1C[C@@]2(CN1C(=O)[C@@H](NC(=O)[C@@H](NC(=O)c1ccc3c(ccn3C)c1)C1CCCCC1)C(C)(C)C)C(C)(C)C21CCC1)C(=O)NS(=O)(=O)N1CCCC1,active,860.1349999999994,4.703000000000006,4.0,8.0,7.3979400086720375
309,CHEMBL3645765,C=C[C@@H]1C[C@]1(NC(=O)[C@@H]1C[C@@]2(CN1C(=O)[C@@H](NC(=O)[C@@H](NC(=O)c1cnc(C)cn1)C(C)CCC)C(C)(C)C)C(C)(C)C21CCC1)C(=O)NS(=O)(=O)N1CCCC1,active,811.0629999999996,3.165620000000006,4.0,9.0,7.853871964321762
310,CHEMBL3645766,C=C[C@@H]1C[C@]1(NC(=O)[C@@H]1C[C@@]2(CN1C(=O)[C@@H](NC(=O)[C@@H](NC(=O)CN(C)C)C1CCCCC1)C(C)(C)C)C(C)(C)C21CCC1)C(=O)NS(=O)(=O)N1CCCC1,active,788.0689999999997,2.4591000000000074,4.0,8.0,8.096910013008056
311,CHEMBL3645767,C=C[C@@H]1C[C@]1(NC(=O)[C@@H]1C[C@@]2(CN1C(=O)[C@@H](NC(=O)[C@@H](NC(=O)c1cnon1)C1CCCCC1)C(C)(C)C)C(C)(C)C21CCC1)C(=O)NS(=O)(=O)N1CCCC1,active,799.0079999999997,2.594300000000004,4.0,10.0,7.455931955649724
312,CHEMBL3645768,C=C[C@@H]1C[C@]1(NC(=O)[C@@H]1C[C@@]2(CN1C(=O)[C@@H](NC(=O)[C@@H](NC(=O)CN1CCN(C)CC1)C1CCCCC1)C(C)(C)C)C(C)(C)C21CCC1)C(=O)NS(=O)(=O)N1CCCC1,active,843.1489999999997,2.1449000000000087,4.0,9.0,7.698970004336019
313,CHEMBL3648645,CCC1CC1(NC(=O)[C@@H]1C[C@@]2(CN1C(=O)[C@@H](NC(=O)C(NC(=O)[C@@H]1CCCCN1C(C)C)C1CCCCC1)C(C)(C)C)C(C)(C)C21CCC1)C(=O)NS(=O)(=O)N(CC)CC,active,860.2199999999997,4.630400000000009,4.0,8.0,8.096910013008056
314,CHEMBL3920030,CNC(=O)c1c(-c2ccc(F)cc2)oc2cc(N(C)S(C)(=O)=O)c(-c3ccc4c(n3)C(=O)N(Cc3ccccc3)CO4)cc12,active,614.6550000000003,5.048600000000005,1.0,7.0,8.49241396023699
315,CHEMBL3922869,CNC(=O)c1c(-c2ccc(F)cc2)oc2cc(N(C)S(C)(=O)=O)c(-c3ccc4c(n3)C(=O)N(c3ccc(F)cc3)CO4)cc12,active,618.6180000000003,5.192100000000005,1.0,7.0,7.605023280445436
316,CHEMBL3954316,CNC(=O)c1c(-c2ccc(F)cc2)oc2cc(N(C)S(C)(=O)=O)c(-c3ccc4c(n3)C(=O)N(c3cccc(F)c3)CO4)cc12,active,618.6180000000003,5.192100000000004,1.0,7.0,8.316412682427233
317,CHEMBL3963867,CNC(=O)c1c(-c2ccc(F)cc2)oc2cc(N(C)S(C)(=O)=O)c(-c3ccc4c(n3)C(=O)N(CCc3ccccc3)CO4)cc12,active,628.6820000000004,5.091100000000005,1.0,7.0,7.399027104313252
318,CHEMBL3957232,CNC(=O)c1c(-c2ccc(F)cc2)oc2cc(N(C)S(C)(=O)=O)c(-c3ccc4c(n3)C(=O)N(Cc3ccc(OC)cc3)CO4)cc12,active,644.6810000000003,5.057200000000004,1.0,8.0,8.514988785421426
319,CHEMBL3955887,CNC(=O)c1c(-c2ccc(F)cc2)oc2cc(N(C)S(C)(=O)=O)c(-c3ccc4c(n3)C(=O)N(Cc3ccc(F)cc3)CO4)cc12,active,632.6450000000003,5.187700000000005,1.0,7.0,8.555642874343972
320,CHEMBL3901368,CNC(=O)c1c(-c2ccc(F)cc2)oc2cc(N(C)S(C)(=O)=O)c(-c3ccc4c(n3)C(=O)N(Cc3cccc(F)c3)CO4)cc12,active,632.6450000000003,5.187700000000005,1.0,7.0,8.829444941478792
321,CHEMBL3967005,CNC(=O)c1c(-c2ccc(F)cc2)oc2cc(N(C)S(C)(=O)=O)c(-c3ccc4c(n3)C(=O)N(Cc3ccccc3F)CO4)cc12,active,632.6450000000003,5.187700000000005,1.0,7.0,8.231139999157042
322,CHEMBL3895714,CNC(=O)c1c(-c2ccc(F)cc2)oc2cc(N(C)S(C)(=O)=O)c(-c3ccc4c(n3)C(=O)N(Cc3ccc(C#N)cc3)CO4)cc12,active,639.6650000000002,4.920280000000004,1.0,8.0,8.095176300199055
323,CHEMBL3949455,CNC(=O)c1c(-c2ccc(F)cc2)oc2cc(N(C)S(C)(=O)=O)c(-c3ccc4c(n3)C(=O)N(Cc3ccc(Cl)cc3)CO4)cc12,active,649.1000000000003,5.702000000000005,1.0,7.0,9.114751892218614
324,CHEMBL3975365,CNC(=O)c1c(-c2ccc(F)cc2)oc2cc(N(C)S(C)(=O)=O)c(-c3ccc4c(n3)C(=O)N(Cc3ccc(F)cn3)CO4)cc12,active,633.6330000000003,4.5827000000000035,1.0,8.0,7.814741234703415
325,CHEMBL3932292,CNC(=O)c1c(-c2ccc(F)cc2)oc2cc(N(C)S(C)(=O)=O)c(-c3cc4c(cn3)OCN(Cc3ccc(F)cc3)C4=O)cc12,active,632.6450000000003,5.187700000000005,1.0,7.0,8.153724757587787
326,CHEMBL3986806,CNC(=O)c1c(-c2ccc(F)cc2)oc2cc(N(C)S(C)(=O)=O)c(-c3cnc4c(c3)C(=O)N(Cc3ccc(F)cc3)CO4)cc12,active,632.6450000000003,5.187700000000005,1.0,7.0,8.59328954139021
327,CHEMBL3925629,CNC(=O)c1c(-c2ccc(F)cc2)oc2cc(N(C)S(C)(=O)=O)c(-c3ccc4oc(=O)n(Cc5ccc(F)cc5)c(=O)c4n3)cc12,active,646.6280000000003,4.511800000000004,1.0,9.0,6.361610592334664
328,CHEMBL3966786,CNC(=O)c1c(-c2ccc(F)cc2)oc2cc(N(C)S(C)(=O)=O)c(-c3cnc4c(c3)C(=O)NC(c3cccs3)N4)cc12,active,605.6730000000002,4.971900000000003,3.0,8.0,6.4029633350223465
329,CHEMBL3904432,CNC(=O)c1c(-c2ccc(F)cc2)oc2cc(N(C)S(C)(=O)=O)c(-c3cnc4c(c3)C(=O)NC(C3CC3)N4)cc12,active,563.6110000000002,3.947700000000002,3.0,7.0,6.891434976267165
330,CHEMBL3972082,CNC(=O)c1c(-c2ccc(F)cc2)oc2cc(N(C)S(C)(=O)=O)c(-c3cnc4nc(-c5cccc(F)c5)[nH]c(=O)c4c3)cc12,active,615.6180000000002,5.098900000000004,2.0,7.0,6.791827473332878
331,CHEMBL3910003,CNC(=O)c1c(-c2ccc(F)cc2)oc2cc(N(C)S(C)(=O)=O)c(-c3ccc4c(n3)NC(c3cccc(F)c3)NC4=O)cc12,active,617.6340000000002,5.049500000000004,3.0,7.0,7.978397283971757
332,CHEMBL3941710,CNC(=O)c1c(-c2ccc(F)cc2)oc2cc(N(C)S(C)(=O)=O)c(-c3cnc4c(c3)C(=O)N(Cc3ccc(F)cc3)CN4)cc12,active,631.6610000000003,5.220800000000004,2.0,7.0,8.7956086680807
333,CHEMBL3969256,CNC(=O)c1c(-c2ccc(F)cc2)oc2cc(N(C)S(C)(=O)=O)c(-c3ccc4ncn(-c5ccccc5)c(=O)c4c3)cc12,active,596.6400000000002,5.360400000000004,1.0,7.0,8.306624848974815
334,CHEMBL3894421,CNC(=O)c1c(-c2ccc(F)cc2)oc2cc(N(C)S(C)(=O)=O)c(-c3cnc4ncn(-c5ccccc5F)c(=O)c4c3)cc12,active,615.6180000000002,4.894500000000004,1.0,8.0,8.199214209672238
335,CHEMBL3945713,CNC(=O)c1c(-c2ccc(F)cc2)oc2cc(N(C)S(C)(=O)=O)c(-c3cnc4ncn(-c5ccc(F)cc5)c(=O)c4c3)cc12,active,615.6180000000002,4.894500000000004,1.0,8.0,7.789413975094844
336,CHEMBL3974309,CNC(=O)c1c(-c2ccc(F)cc2)oc2cc(N(C)S(C)(=O)=O)c(-c3cnc4ncn(-c5cccc(F)c5)c(=O)c4c3)cc12,active,615.6180000000002,4.894500000000004,1.0,8.0,8.400335221211582
337,CHEMBL3938855,CNC(=O)c1c(-c2ccc(F)cc2)oc2cc(N(C)S(C)(=O)=O)c(-c3cnc4ncn(Cc5ccc(F)cc5)c(=O)c4c3)cc12,active,629.6450000000002,4.953600000000004,1.0,8.0,8.587035728003338
338,CHEMBL4115262,CNC(=O)c1c(-c2ccc(F)cc2)oc2cc(N(C)S(C)(=O)=O)c(-c3cnc4ncn([C@H](C)c5ccc(F)cc5)c(=O)c4c3)cc12,active,643.6720000000003,5.514600000000005,1.0,8.0,7.787013815263332
339,CHEMBL3982540,CNC(=O)c1c(-c2ccc(F)cc2)oc2cc(N(C)S(C)(=O)=O)c(-c3ccc4ncn(-c5ccccc5F)c(=O)c4n3)cc12,active,615.6180000000002,4.894500000000003,1.0,8.0,7.350178536775434
340,CHEMBL3960822,CNC(=O)c1c(-c2ccc(F)cc2)oc2cc(N(C)S(C)(=O)=O)c(-c3cnc4nc[nH]c(=O)c4n3)cc12,active,522.5180000000003,2.6878,2.0,8.0,6.452348341640031
341,CHEMBL3959793,CNC(=O)c1c(-c2ccc(F)cc2)oc2cc(N(C)S(C)(=O)=O)c(-c3cnc4ncn(-c5cccc(F)c5)c(=O)c4n3)cc12,active,616.6060000000001,4.289500000000004,1.0,9.0,8.304781081094848
342,CHEMBL3974920,CNC(=O)c1c(-c2ccc(F)cc2)oc2cc(N(C)S(C)(=O)=O)c(-c3ccc4c(n3)C(=O)N(Cc3ccc(F)cc3)C4)cc12,active,616.6460000000003,5.351400000000004,1.0,6.0,8.142004504439075
343,CHEMBL3947642,CNC(=O)c1c(-c2ccc(F)cc2)oc2cc(N(C)S(C)(=O)=O)c(-c3ccc4c(n3)C(=O)N(C(C)c3ccc(F)cc3)CO4)cc12,active,646.6720000000003,5.748700000000006,1.0,7.0,9.00850811108984
344,CHEMBL3913311,CNC(=O)c1c(-c2ccc(F)cc2)oc2ccc(-c3ccc4c(n3)C(=O)N(C(C)(C)c3ccc(F)cc3)CO4)cc12,active,553.5650000000002,6.5270000000000055,1.0,5.0,6.149782758201611
345,CHEMBL3936639,CNC(=O)c1c(-c2ccc(F)cc2)oc2ccc(-c3ccc4c(n3)C(=O)N(Cc3ccc(F)cc3)CO4)cc12,intermediate,525.5110000000002,5.7919000000000045,1.0,5.0,5.049245818406496
346,CHEMBL3949927,CNC(=O)c1c(-c2ccc(F)cc2)oc2cc(N(C)S(C)(=O)=O)c(-c3ccc4c(c3)C(=O)N(Cc3ccc(F)cc3)CC4)cc12,active,629.6850000000002,5.998900000000005,1.0,5.0,8.668167955563751
347,CHEMBL3890470,CNC(=O)c1c(-c2ccc(F)cc2)oc2cc(N(C)S(C)(=O)=O)c(-c3ccc4c(n3)C(=O)N(Cc3ccc(F)cc3)CC4)cc12,active,630.6730000000002,5.393900000000005,1.0,6.0,8.966174306046689
348,CHEMBL3913046,CNC(=O)c1c(-c2ccc(F)cc2)oc2ccc(-c3ccc4c(n3)C(=O)N(Cc3ccc(F)cc3)CC4)cc12,active,523.5390000000002,5.998100000000004,1.0,4.0,7.111539681964613
349,CHEMBL3982915,CNC(=O)c1c(-c2ccc(F)cc2)oc2cc(N(C)S(C)(=O)=O)c(-c3ccc4ccn(Cc5ccc(F)cc5)c(=O)c4c3)cc12,active,627.6690000000002,6.163600000000005,1.0,6.0,8.861697301833718
350,CHEMBL4115427,CNC(=O)c1c(-c2ccc(F)cc2)oc2cc(N(C)S(C)(=O)=O)c(-c3ccc4nnn([C@H](COC)c5ccc(F)cc5)c(=O)c4c3)cc12,active,673.6980000000002,5.141100000000005,1.0,9.0,8.394156460941911
351,CHEMBL4110077,CNC(=O)c1c(-c2ccc(F)cc2)oc2cc(N(C)S(C)(=O)=O)c(-c3ccc4nnn([C@H](CO)c5ccc(F)cc5)c(=O)c4c3)cc12,active,659.6710000000003,4.487000000000004,2.0,9.0,8.208309350979881
352,CHEMBL3955209,CNC(=O)c1c(-c2ccc(F)cc2)oc2cc(N(C)S(C)(=O)=O)c(-c3ccc4nnn([C@@H](COC)c5ccc(F)cc5)c(=O)c4c3)cc12,active,673.6980000000002,5.141100000000005,1.0,9.0,7.741602195904491
353,CHEMBL3927591,CNC(=O)c1c(-c2ccc(F)cc2)oc2cc(N(C)S(C)(=O)=O)c(-c3ccc4nnn(Cc5ccccc5)c(=O)c4c3)cc12,active,611.6550000000002,4.814500000000004,1.0,8.0,8.023100049017062
354,CHEMBL3968491,CNC(=O)c1c(-c2ccc(F)cc2)oc2cc(N(C)S(C)(=O)=O)c(-c3ccc4nnn(C(CO)c5ccccc5)c(=O)c4c3)cc12,active,641.6810000000003,4.347900000000004,2.0,9.0,7.821598658466245
355,CHEMBL3960796,CNC(=O)c1c(-c2ccc(F)cc2)oc2cc(N(C)S(C)(=O)=O)c(-c3ccc4nnn(Cc5ccc(F)cc5)c(=O)c4c3)cc12,active,629.6450000000002,4.953600000000004,1.0,8.0,8.2503409679051
356,CHEMBL3936097,CNC(=O)c1c(-c2ccc(F)cc2)oc2cc(N(C)S(C)(=O)=O)c(-c3ccc4nnn([C@@H](C)c5ccc(F)cc5)c(=O)c4c3)cc12,active,643.6720000000003,5.514600000000005,1.0,8.0,7.455559862682308
357,CHEMBL4109706,CNC(=O)c1c(-c2ccc(F)cc2)oc2cc(N(C)S(C)(=O)=O)c(-c3ccc4nnn([C@H](C)c5ccc(F)cc5)c(=O)c4c3)cc12,active,643.6720000000003,5.514600000000005,1.0,8.0,8.11656570631699
358,CHEMBL3927052,CNC(=O)c1c(-c2ccc(F)cc2)oc2cc(N(C)S(C)(=O)=O)c(-c3ccc4nnn(Cc5ccc(F)cc5OC)c(=O)c4c3)cc12,active,659.6710000000002,4.962200000000005,1.0,9.0,7.6955094722265125
359,CHEMBL3964459,CNC(=O)c1c(-c2ccc(F)cc2)oc2cc(N(C)S(C)(=O)=O)c(-c3ccc4nnn(Cc5ccc(F)cn5)c(=O)c4c3)cc12,active,630.6330000000002,4.348600000000004,1.0,9.0,8.15939212099071
360,CHEMBL3949897,CNC(=O)c1c(-c2ccc(F)cc2)oc2cc(N(C)S(C)(=O)=O)c(-c3ccc4ncn(Cc5ccccc5)c(=O)c4c3)cc12,active,610.6670000000003,5.419500000000005,1.0,7.0,8.204467557289846
361,CHEMBL4109293,CNC(=O)c1c(-c2ccc(F)cc2)oc2cc(N(C)S(C)(=O)=O)c(-c3ccc4ncn([C@H](C)c5ccc(F)cc5)c(=O)c4c3)cc12,active,642.6840000000002,6.1196000000000055,1.0,7.0,8.498119506244942
362,CHEMBL3898973,CNC(=O)c1c(-c2ccc(F)cc2)oc2cc(N(C)S(C)(=O)=O)c(-c3ccc4ncn(Cc5ccc(F)cc5OC)c(=O)c4c3)cc12,active,658.6830000000002,5.567200000000005,1.0,8.0,8.046820398934367
363,CHEMBL3889513,CNC(=O)c1c(-c2ccc(F)cc2)oc2cc(N(C)S(C)(=O)=O)c(-c3ccc4ncn(Cc5ccc(F)cn5)c(=O)c4c3)cc12,active,629.6450000000002,4.953600000000003,1.0,8.0,8.195928751114339
364,CHEMBL3930991,CNC(=O)c1c(-c2ccc(F)cc2)oc2cc(N(C)S(C)(=O)=O)c(-c3ccc4nc(COC)n(Cc5ccc(F)cc5)c(=O)c4c3)cc12,active,672.7100000000004,5.705000000000005,1.0,8.0,8.59074334796109
365,CHEMBL3958500,CNC(=O)c1c(-c2ccc(F)cc2)oc2cc(N(C)S(C)(=O)=O)c(-c3ccc4nc(CNC(C)=O)n(Cc5ccc(F)cc5)c(=O)c4c3)cc12,active,699.7360000000001,5.1947000000000045,2.0,8.0,8.630227711403037
366,CHEMBL3961836,CNC(=O)c1c(-c2ccc(F)cc2)oc2cc(N(C)S(C)(=O)=O)c(-c3ccc4nc(C)n(Cc5ccc(F)cc5)c(=O)c4c3)cc12,active,642.6840000000003,5.867020000000005,1.0,7.0,8.713543530253018
367,CHEMBL4110048,CNC(=O)c1c(-c2ccc(F)cc2)oc2cc(N(C)S(C)(=O)=O)c(-c3ccc4nc(C)n([C@H](C)c5ccc(F)cc5)c(=O)c4c3)cc12,active,656.7110000000002,6.428020000000006,1.0,7.0,8.015472686656208
368,CHEMBL3972861,CNC(=O)c1c(-c2ccc(F)cc2)oc2cc(N(C)S(C)(=O)=O)c(-c3ccc4nc(C)n(Cc5ccc(F)cc5OC)c(=O)c4n3)cc12,active,673.6980000000002,5.2706200000000045,1.0,9.0,7.624885315307775
369,CHEMBL3946725,CNC(=O)c1c(-c2ccc(F)cc2)oc2cc(N(C)S(C)(=O)=O)c(-c3ccc4nc(C)n(Cc5ccc(F)cc5F)c(=O)c4n3)cc12,active,661.6620000000003,5.401120000000004,1.0,8.0,8.384892012556806
370,CHEMBL3947778,CNC(=O)c1c(-c2ccc(F)cc2)oc2cc(N(C)S(C)(=O)=O)c(-c3ccc4nc(C)n([C@@H](COC)c5ccc(F)cc5)c(=O)c4n3)cc12,active,687.7250000000001,5.449520000000005,1.0,9.0,8.032498825277159
371,CHEMBL4109025,CNC(=O)c1c(-c2ccc(F)cc2)oc2cc(N(C)S(C)(=O)=O)c(-c3ccc4nc(C)n([C@H](CCO)c5ccc(F)cc5)c(=O)c4n3)cc12,active,687.7250000000003,5.185520000000005,2.0,9.0,8.137510833094103
372,CHEMBL4107186,CNC(=O)c1c(-c2ccc(F)cc2)oc2cc(N(C)S(C)(=O)=O)c(-c3ccc4nc(C)n([C@H](COC)c5ccc(F)cc5)c(=O)c4n3)cc12,active,687.7250000000001,5.449520000000005,1.0,9.0,8.303556236861
373,CHEMBL3925436,CNC(=O)c1c(-c2ccc(F)cc2)oc2cc(N(C)S(C)(=O)=O)c(-c3ccc4nc(C)n(Cc5ccc(F)cc5)c(=O)c4n3)cc12,active,643.6720000000003,5.262020000000004,1.0,8.0,8.698102282804792
374,CHEMBL3983489,CNC(=O)c1c(-c2ccc(F)cc2)oc2cc(N(C)S(C)(=O)=O)c(-c3cc(OC)c4nc(C)n(Cc5ccc(F)cc5)c(=O)c4c3)cc12,active,672.7100000000004,5.875620000000006,1.0,8.0,8.17750501472125
375,CHEMBL3942127,CNC(=O)c1c(-c2ccc(F)cc2)oc2cc(N(C)S(C)(=O)=O)c(-c3cc4c(=O)n(Cc5ccc(F)cc5)nnc4cc3F)cc12,active,647.6350000000002,5.092700000000004,1.0,8.0,7.94692155651658
376,CHEMBL3961240,CNC(=O)c1c(-c2ccc(F)cc2)oc2cc(N(C)S(C)(=O)=O)c(-c3cc(OC)c4nnn(Cc5ccc(F)cc5)c(=O)c4c3)cc12,active,659.6710000000003,4.962200000000005,1.0,9.0,8.457672617226025
377,CHEMBL3986495,CNC(=O)c1c(-c2ccc(F)cc2)oc2cc(N(C)S(C)(=O)=O)c(-c3cc4c(=O)n(Cc5ccc(F)cc5)nnc4cc3C)cc12,active,643.6720000000001,5.262020000000004,1.0,8.0,8.064442354906985
378,CHEMBL3949157,CNC(=O)c1c(-c2ccc(F)cc2)oc2cc(N(C)S(C)(=O)=O)c(-c3cc4c(=O)n(Cc5ccc(F)cc5)nnc4cc3Cl)cc12,active,664.0900000000001,5.607000000000004,1.0,8.0,7.935916564036404
379,CHEMBL3978278,CNC(=O)c1c(-c2ccc(F)cc2)oc2cc(N(C)S(C)(=O)=O)c(-c3cc(C)c4nnn(Cc5ccc(F)cc5)c(=O)c4c3)cc12,active,643.6720000000003,5.262020000000004,1.0,8.0,7.92299567320665
380,CHEMBL3921185,C=CC(=O)NC[C@H](NC(=O)NC(C)(C)C)C(=O)N1CC2[C@@H]([C@H]1C(=O)NC(CC1CCC1)C(=O)C(N)=O)C2(C)C,active,546.6690000000003,-0.03269999999999418,5.0,6.0,6.505845405981557
381,CHEMBL3927196,CC(C)=CC(=O)CC[C@H](NC(=O)OC(C)(C)C)C(=O)N1CC2[C@@H]([C@H]1C(=O)NC(CC1CCC1)C(=O)C(N)=O)C2(C)C,active,574.7190000000002,2.4076000000000013,3.0,7.0,7.6020599913279625
382,CHEMBL3983582,C=CC(=O)NC[C@H](NC(=O)[C@@H](NC(=O)c1cnccn1)C1CCCCC1)C(=O)N1C[C@@H]2CCC[C@@H]2[C@H]1C(=O)N[C@@H](CCC)C(=O)C(=O)NC1CC1,active,706.8450000000001,0.7020000000000055,5.0,9.0,7.008773924307505
383,CHEMBL3954962,C=CC(=O)NC[C@H](NC(=O)[C@@H](NC(=O)c1cnccn1)C1CCCCC1)C(=O)N1C[C@@H]2CCC[C@@H]2[C@H]1C(=O)N[C@@H](CCC)C(OC(=O)C(F)(F)F)C(=O)NC1CC1,active,804.8680000000003,1.607000000000006,5.0,10.0,6.3851027839668655
384,CHEMBL3921126,CC[C@@H]1C[C@]1(NC(=O)[C@@H]1C[C@@H](Oc2ncc(OC)c3ccc(Cl)cc23)CN1C(=O)[C@@H](NC(=O)OC(C)(C)C)C(C)(C)C)C(=O)NS(=O)(=O)C1CC1,active,750.3149999999999,4.0778000000000025,3.0,10.0,8.301029995663981
385,CHEMBL4177477,COc1cnc(O[C@@H]2C[C@@H](C(=O)N[C@]3(C(=O)NS(=O)(=O)C4CC4)C[C@H]3CC(F)F)N(C(=O)[C@@H](NC(=O)OC(C)(C)C)C(C)(C)C)C2)c2cc(Cl)ccc12,active,786.2949999999998,4.323000000000004,3.0,10.0,7.853871964321762
386,CHEMBL4168149,COc1cnc(O[C@@H]2C[C@@H](C(=O)N[C@]3(C(=O)NS(=O)(=O)C4CC4)C[C@H]3C(F)(F)F)N(C(=O)[C@@H](NC(=O)OC(C)(C)C)C(C)(C)C)C2)c2cc(Cl)ccc12,active,790.2579999999998,4.230100000000002,3.0,10.0,7.769551078621726
387,CHEMBL4176000,COc1cnc(O[C@@H]2C[C@@H](C(=O)N[C@]3(C(=O)NS(=O)(=O)C4CC4)C[C@H]3C)N(C(=O)[C@@H](NC(=O)OC(C)(C)C)C(C)(C)C)C2)c2cc(Cl)ccc12,active,736.288,3.687700000000003,3.0,10.0,7.886056647693163
388,CHEMBL4171493,COc1cnc(O[C@@H]2C[C@@H](C(=O)N[C@@]3(C(=O)NS(=O)(=O)C4CC4)C[C@@H]3C(F)F)N(C(=O)[C@@H](NC(=O)OC(C)(C)C)C(C)(C)C)C2)c2cc(Cl)ccc12,active,772.2679999999998,3.9329000000000036,3.0,10.0,7.920818753952375
389,CHEMBL4160876,COc1cnc(O[C@@H]2C[C@@H](C(=O)N[C@]3(C(=O)NS(=O)(=O)C4CC4)C[C@H]3C(F)F)N(C(=O)[C@@H](NC(=O)OC(C)(C)C)C(C)(C)C)C2)c2cc(Cl)ccc12,active,772.2679999999998,3.9329000000000036,3.0,10.0,9.0
390,CHEMBL4161286,COc1cnc(O[C@@H]2C[C@@H](C(=O)NC3(C(=O)NS(=O)(=O)C4CC4)CCC3)N(C(=O)[C@@H](NC(=O)OC(C)(C)C)C(C)(C)C)C2)c2cc(Cl)ccc12,active,736.288,3.831800000000004,3.0,10.0,6.583359492661719
391,CHEMBL4169219,COc1ccc2c(O[C@@H]3C[C@@H](C(=O)NC(CC(F)F)C(=O)NS(=O)(=O)C4CC4)N(C(=O)[C@@H](NC(=O)OC(C)(C)C)C(C)(C)C)C3)cc(-c3ccccc3)nc2c1,active,801.9099999999999,4.946500000000005,3.0,10.0,6.0
392,CHEMBL4164707,CC[C@@H](NC(=O)[C@@H]1C[C@@H](Oc2ncc(OC)c3ccc(Cl)cc23)CN1C(=O)[C@@H](NC(=O)OC(C)(C)C)C(C)(C)C)C(=O)NS(=O)(=O)C1CC1,intermediate,724.277,3.6877000000000013,3.0,10.0,5.098051534926916
393,CHEMBL4172603,CC[C@H](NC(=O)[C@@H]1C[C@@H](Oc2ncc(OC)c3ccc(Cl)cc23)CN1C(=O)[C@@H](NC(=O)OC(C)(C)C)C(C)(C)C)C(=O)NS(=O)(=O)C1CC1,intermediate,724.277,3.6877000000000013,3.0,10.0,5.511590311096802
394,CHEMBL4168077,COc1cnc(O[C@@H]2C[C@@H](C(=O)N[C@H](CC(F)F)C(=O)NS(=O)(=O)C3CC3)N(C(=O)[C@@H](NC(=O)OC(C)(C)C)C(C)(C)C)C2)c2cc(Cl)ccc12,intermediate,760.2569999999998,3.9329000000000036,3.0,10.0,5.605723473232178
395,CHEMBL4160158,COc1cnc(O[C@@H]2C[C@@H](C(=O)N[C@@H](CC(F)F)C(=O)NS(=O)(=O)C3CC3)N(C(=O)[C@@H](NC(=O)OC(C)(C)C)C(C)(C)C)C2)c2cc(Cl)ccc12,active,760.2569999999998,3.9329000000000036,3.0,10.0,6.010550182333308
396,CHEMBL4159744,COc1cnc(O[C@@H]2C[C@@H](C(=O)NC3(C(=O)NS(=O)(=O)C4CC4)CC3)N(C(=O)[C@@H](NC(=O)OC(C)(C)C)C(C)(C)C)C2)c2cc(Cl)ccc12,active,722.2610000000001,3.4417000000000026,3.0,10.0,7.3979400086720375
397,CHEMBL4170379,COc1cnc(O[C@@H]2C[C@@H](C(=O)NC(C)(C)C(=O)NS(=O)(=O)C3CC3)N(C(=O)[C@@H](NC(=O)OC(C)(C)C)C(C)(C)C)C2)c2cc(Cl)ccc12,intermediate,724.2769999999998,3.687700000000003,3.0,10.0,5.658763376761308
398,CHEMBL4174861,C=CC[C@](C)(NC(=O)[C@@H]1C[C@@H](Oc2ncc(OC)c3ccc(Cl)cc23)CN1C(=O)[C@@H](NC(=O)OC(C)(C)C)C(C)(C)C)C(=O)NS(=O)(=O)C1CC1,inactive,750.3149999999999,4.243900000000004,3.0,10.0,4.481486060122112
399,CHEMBL3895075,COc1cnc(O[C@@H]2C[C@@H](C(=O)N[C@]3(C(=O)NS(=O)(=O)C4CC4)C[C@H]3C3CC3)N(C(=O)[C@@H](NC(=O)OC(C)(C)C)C(C)(C)C)C2)c2cc(Cl)ccc12,active,762.3259999999999,4.077800000000004,3.0,10.0,8.221848749616356
400,CHEMBL2105735,C=C[C@@H]1C[C@]1(NC(=O)[C@@H]1C[C@@H](Oc2ncc(OC)c3ccc(Cl)cc23)CN1C(=O)[C@@H](NC(=O)OC(C)(C)C)C(C)(C)C)C(=O)NS(=O)(=O)C1CC1,active,748.299,3.8538000000000023,3.0,10.0,9.0
401,CHEMBL2403888,C=C[C@@H]1C[C@]1(NC(=O)[C@@H]1C[C@@H](Oc2nccc3cc(OC)ccc23)CN1C(=O)[C@@H](NC(=O)OC(C)(C)C)C(C)(C)C)C(=O)NS(=O)(=O)C1CC1,active,713.8540000000002,3.200400000000001,3.0,10.0,8.698970004336019
402,CHEMBL4224705,C=C[C@@H]1C[C@]1(NC(=O)[C@@H]1C[C@@H](Oc2nccc3cc(OC)ccc23)CN1C(=O)[C@@H](NC(=O)NC(C)(C)C)C(C)(C)C)C(=O)NS(=O)(=O)C1CC1,active,712.8700000000001,2.7734000000000023,4.0,9.0,9.154901959985743
403,CHEMBL4225561,C=C[C@@H]1C[C@]1(NC(=O)[C@@H]1C[C@@H](Oc2nccc3cc(OC)ccc23)CN1C(=O)[C@@H](NC(=O)N[C@@H](C(=O)OC)C(C)C)C(C)(C)C)C(=O)NS(=O)(=O)C1CC1,active,770.906,2.172500000000003,4.0,11.0,8.455931955649724
404,CHEMBL4229052,C=C[C@@H]1C[C@]1(NC(=O)[C@@H]1C[C@@H](Oc2nccc3cc(OC)ccc23)CN1C(=O)[C@@H](NC(=O)N[C@H](C(=O)OC)C(C)C)C(C)(C)C)C(=O)NS(=O)(=O)C1CC1,active,770.906,2.172500000000003,4.0,11.0,9.337242168318426
405,CHEMBL4225301,C=C[C@@H]1C[C@]1(NC(=O)[C@@H]1C[C@@H](Oc2nccc3cc(OC)ccc23)CN1C(=O)[C@@H](NC(=O)N[C@@H](C)C(C)(C)C)C(C)(C)C)C(=O)NS(=O)(=O)C1CC1,active,740.924,3.409500000000002,4.0,9.0,9.086186147616283
406,CHEMBL4228791,C=C[C@@H]1C[C@]1(NC(=O)[C@@H]1C[C@@H](Oc2nccc3cc(OC)ccc23)CN1C(=O)[C@@H](NC(=O)N[C@H](C)C(C)(C)C)C(C)(C)C)C(=O)NS(=O)(=O)C1CC1,active,740.924,3.409500000000002,4.0,9.0,9.657577319177793
407,CHEMBL4225027,C=C[C@@H]1C[C@]1(NC(=O)[C@@H]1C[C@@H](Oc2nccc3cc(OC)ccc23)CN1C(=O)[C@@H](NC(=O)N[C@H]1C(=O)OCC1(C)C)C(C)(C)C)C(=O)NS(=O)(=O)C1CC1,active,768.8899999999999,1.9265000000000028,4.0,11.0,7.638272163982407
408,CHEMBL4228533,C=C[C@@H]1C[C@]1(NC(=O)[C@@H]1C[C@@H](Oc2nccc3cc(OC)ccc23)CN1C(=O)[C@@H](NC(=O)N[C@@H]1C(=O)OCC1(C)C)C(C)(C)C)C(=O)NS(=O)(=O)C1CC1,active,768.8899999999999,1.9265000000000028,4.0,11.0,9.045757490560675
409,CHEMBL4227401,C=C[C@@H]1C[C@]1(NC(=O)[C@@H]1C[C@@H](Oc2nccc3cc(OC)ccc23)CN1C(=O)[C@@H](NC(=O)N[C@@H](C)COC)C(C)(C)C)C(=O)NS(=O)(=O)C1CC1,active,728.869,2.009800000000002,4.0,10.0,8.602059991327963
410,CHEMBL4228282,C=C[C@@H]1C[C@]1(NC(=O)[C@@H]1C[C@@H](Oc2nccc3cc(OC)ccc23)CN1C(=O)[C@@H](NC(=O)N[C@@H](CC)COC)C(C)(C)C)C(=O)NS(=O)(=O)C1CC1,active,742.8960000000001,2.3999000000000024,4.0,10.0,8.698970004336019
411,CHEMBL4229110,C=C[C@@H]1C[C@]1(NC(=O)[C@@H]1C[C@@H](Oc2nccc3cc(OC)ccc23)CN1C(=O)[C@@H](NC(=O)N[C@H](COC)C(C)C)C(C)(C)C)C(=O)NS(=O)(=O)C1CC1,active,756.923,2.645900000000003,4.0,10.0,9.356547323513812
412,CHEMBL4225514,C=C[C@@H]1C[C@]1(NC(=O)[C@@H]1C[C@@H](Oc2nccc3cc(OC)ccc23)CN1C(=O)[C@@H](NC(=O)N[C@H](COC)[C@@H](C)CC)C(C)(C)C)C(=O)NS(=O)(=O)C1CC1,active,770.9499999999999,3.0360000000000023,4.0,10.0,9.397940008672037
413,CHEMBL4225051,C=C[C@@H]1C[C@]1(NC(=O)[C@@H]1C[C@@H](Oc2nccc3cc(OC)ccc23)CN1C(=O)[C@@H](NC(=O)N[C@H](COC)C(C)(C)C)C(C)(C)C)C(=O)NS(=O)(=O)C1CC1,active,770.9499999999999,3.0360000000000023,4.0,10.0,9.522878745280337
414,CHEMBL4227396,C=C[C@@H]1C[C@]1(NC(=O)[C@@H]1C[C@@H](Oc2nccc3cc(OC)ccc23)CN1C(=O)[C@@H](NC(=O)N[C@H](COC)CC(C)C)C(C)(C)C)C(=O)NS(=O)(=O)C1CC1,active,770.9499999999999,3.0360000000000023,4.0,10.0,8.920818753952375
415,CHEMBL4226548,C=C[C@@H]1C[C@]1(NC(=O)[C@@H]1C[C@@H](Oc2nccc3cc(OC)ccc23)CN1C(=O)[C@@H](NC(=O)N[C@H](COC)c1ccccc1)C(C)(C)C)C(=O)NS(=O)(=O)C1CC1,active,790.94,3.3626000000000023,4.0,10.0,8.585026652029182
416,CHEMBL4226979,C=C[C@@H]1C[C@]1(NC(=O)[C@@H]1C[C@@H](Oc2nccc3cc(OC)ccc23)CN1C(=O)[C@@H](NC(=O)N[C@H](COC)Cc1ccccc1)C(C)(C)C)C(=O)NS(=O)(=O)C1CC1,active,804.967,3.2326000000000032,4.0,10.0,8.327902142064282
417,CHEMBL4225768,C=C[C@@H]1C[C@]1(NC(=O)[C@@H]1C[C@@H](Oc2nccc3cc(OC)ccc23)CN1C(=O)[C@@H](NC(=O)N[C@H](C(=O)OC)C(C)(C)C)C(C)(C)C)C(=O)NS(=O)(=O)C1CC1,active,784.9329999999999,2.5626000000000033,4.0,11.0,9.468521082957745
418,CHEMBL4226876,C=C[C@@H]1C[C@]1(NC(=O)[C@@H]1C[C@@H](Oc2nccc3cc(OC)ccc23)CN1C(=O)[C@@H](NC(=O)N[C@H](C(=O)OC(C)(C)C)C(C)(C)C)C(C)(C)C)C(=O)NS(=O)(=O)C1CC1,active,827.0139999999998,3.7313000000000036,4.0,11.0,9.721246399047171
419,CHEMBL4226033,C=C[C@@H]1C[C@]1(NC(=O)[C@@H]1C[C@@H](Oc2nccc3cc(OC)ccc23)CN1C(=O)[C@@H](NC(=O)N[C@H](C(=O)O)C(C)(C)C)C(C)(C)C)C(=O)NS(=O)(=O)C1CC1,active,770.906,2.4742000000000024,5.0,10.0,10.301029995663981
420,CHEMBL4228440,C=C[C@@H]1C[C@]1(NC(=O)[C@@H]1C[C@@H](Oc2nccc3cc(OC)ccc23)CN1C(=O)[C@@H](NC(=O)N[C@H](C(N)=O)C(C)(C)C)C(C)(C)C)C(=O)NS(=O)(=O)C1CC1,active,769.9219999999999,1.8749000000000047,5.0,10.0,9.619788758288394
421,CHEMBL4225009,C=C[C@@H]1C[C@]1(NC(=O)[C@@H]1C[C@@H](Oc2nccc3cc(OC)ccc23)CN1C(=O)[C@@H](NC(=O)N[C@H](C(=O)NCc1ccccc1)C(C)(C)C)C(C)(C)C)C(=O)NS(=O)(=O)C1CC1,active,860.0469999999998,3.706000000000005,5.0,10.0,9.67778070526608
422,CHEMBL4225149,C=C[C@@H]1C[C@]1(NC(=O)[C@@H]1C[C@@H](Oc2nccc3cc(OC)ccc23)CN1C(=O)[C@@H](NC(=O)N[C@H](C(=O)N1CCN(c2ncccn2)CC1)C(C)(C)C)C(C)(C)C)C(=O)NS(=O)(=O)C1CC1,active,917.1029999999995,2.528400000000005,4.0,13.0,9.568636235841012
423,CHEMBL414993,C=C[C@@H]1C[C@]1(NC(=O)[C@@H]1C[C@@H](Oc2cc(-c3ccccc3)nc3cc(OC)ccc23)CN1C(=O)[C@@H](NC(=O)OC(C)(C)C)C(C)(C)C)C(=O)NS(=O)(=O)C1CC1,active,789.9519999999999,4.867400000000004,3.0,10.0,8.346787486224656
424,CHEMBL4224849,C=C[C@@H]1C[C@]1(NC(=O)[C@@H]1C[C@@H](Oc2cc(-c3ccccc3)nc3cc(OC)ccc23)CN1C(=O)[C@@H](NC(=O)NC(C)(C)C)C(C)(C)C)C(=O)NS(=O)(=O)C1CC1,active,788.968,4.440400000000004,4.0,9.0,8.337242168318426
425,CHEMBL4227183,C=C[C@@H]1C[C@]1(NC(=O)[C@@H]1C[C@@H](Oc2cc(-c3ccccc3)nc3cc(OC)ccc23)CN1C(=O)[C@@H](NC(=O)NC1CCCC1)C(C)(C)C)C(=O)NS(=O)(=O)C1CC1,active,800.9789999999998,4.584500000000004,4.0,9.0,8.096910013008056
426,CHEMBL4229158,C=C[C@@H]1C[C@]1(NC(=O)[C@@H]1C[C@@H](Oc2cc(-c3ccccc3)nc3cc(OC)ccc23)CN1C(=O)[C@@H](NC(=O)N(C)C(C)(C)C)C(C)(C)C)C(=O)NS(=O)(=O)C1CC1,active,802.9949999999999,4.782600000000004,3.0,9.0,8.638272163982407
427,CHEMBL4227273,C=C[C@@H]1C[C@]1(NC(=O)[C@@H]1C[C@@H](Oc2cc(-c3ccccc3)nc3cc(OC)ccc23)CN1C(=O)[C@@H](N(C)C(=O)NC1CCCC1)C(C)(C)C)C(=O)NS(=O)(=O)C1CC1,active,815.0059999999997,4.926700000000005,3.0,9.0,6.024568191490737
428,CHEMBL4224783,C=C[C@@H]1C[C@]1(NC(=O)[C@@H]1C[C@@H](Oc2cc(-c3ccccc3)nc3cc(OC)ccc23)CN1C(=O)[C@H]([C@@H](C)CC)N(C)C(=O)NC1CCCC1)C(=O)NS(=O)(=O)C1CC1,active,815.0059999999999,4.926700000000004,3.0,9.0,7.455931955649724
429,CHEMBL4225716,C=C[C@@H]1C[C@]1(NC(=O)[C@@H]1C[C@@H](Oc2cc(-c3ccccc3)nc3cc(OC)ccc23)CN1C(=O)[C@H]([C@@H](C)CC)N(C)C(=O)NC(C)(C)C)C(=O)NS(=O)(=O)C1CC1,active,802.995,4.782600000000004,3.0,9.0,8.55284196865778
430,CHEMBL4228080,C=C[C@@H]1C[C@]1(NC(=O)[C@@H]1C[C@@H](Oc2nccc3cc(OC)ccc23)CN1C(=O)[C@@H](NC(=O)N(C)C(C)(C)C)C(C)(C)C)C(=O)NS(=O)(=O)C1CC1,active,726.897,3.1156000000000024,3.0,9.0,8.0
431,CHEMBL4228402,C=C[C@@H]1C[C@]1(NC(=O)[C@@H]1C[C@@H](Oc2nccc3cc(OC)ccc23)CN1C(=O)[C@@H](NC(=O)N(C)[C@H](C(=O)OC)C(C)C)C(C)(C)C)C(=O)NS(=O)(=O)C1CC1,active,784.933,2.514700000000003,3.0,11.0,8.769551078621726
432,CHEMBL4228717,C=C[C@@H]1C[C@]1(NC(=O)[C@@H]1C[C@@H](Oc2cc(-c3ccccc3)nc3cc(OC)ccc23)CN1C(=O)[C@@H](OC(=O)NC(C)(C)C)C(C)(C)C)C(=O)NS(=O)(=O)C1CC1,active,789.9519999999999,4.867400000000004,3.0,10.0,7.886056647693163
433,CHEMBL4225245,C=C[C@@H]1C[C@]1(NC(=O)[C@@H]1C[C@@H](Oc2cc(-c3ccccc3)nc3cc(OC)ccc23)CN1C(=O)[C@@H](OC(=O)NC1CCCC1)C(C)(C)C)C(=O)NS(=O)(=O)C1CC1,active,801.9629999999997,5.011500000000004,3.0,10.0,7.958607314841775
434,CHEMBL4228457,C=C[C@@H]1C[C@]1(NC(=O)[C@@H]1C[C@@H](Oc2cc(-c3ccccc3)nc3cc(OC)ccc23)CN1C(=O)[C@@H](OC(=O)NC(C)C)C(C)(C)C)C(=O)NS(=O)(=O)C1CC1,active,775.925,4.477300000000003,3.0,10.0,7.920818753952375
435,CHEMBL4649647,CC(=O)N[C@@H](C(=O)O)C(=O)N[C@@H](CCC(=O)O)C(=O)N[C@H](C(=O)N[C@H](C(=O)N1C[C@H](OCc2ccccc2)C[C@H]1C(=O)NC1(C(=O)O)CC1)C(C)C)C1CCCCC1,active,814.8899999999996,0.05090000000000905,8.0,10.0,7.292429823902063
436,CHEMBL4640558,CC(=O)N[C@@H](C(=O)O)C(=O)N[C@@H](CCC(=O)O)C(=O)N[C@H](C(=O)N[C@H](C(=O)N1C[C@H](OCc2ccccc2)C[C@H]1C(=O)NC(CS)C(=O)O)C(C)C)C1CCCCC1,active,834.9459999999998,-0.1832999999999918,9.0,11.0,7.481486060122112
437,CHEMBL4632418,COc1ccc2cc(O[C@@H]3C[C@@H](C(=O)NC4(C(=O)O)CC4)N(C(=O)[C@@H](NC(=O)[C@@H](NC(C)=O)C4CCCCC4)C(C)C)C3)cnc2c1,active,651.761,2.5509000000000013,4.0,8.0,6.096910013008056
438,CHEMBL4641913,CC(C)C[C@H](NC[C@H](CC(=O)O)NC(=O)[C@H](CC1CCCCC1)NC(=O)[C@@H]1CCCC[C@H]1C(=O)O)C(N)=O,inactive,538.6860000000005,1.7817000000000016,6.0,6.0,4.823908740944319
439,CHEMBL258734,CC(C)(C)OC(=O)N[C@H]1CCCCC/C=C\[C@@H]2C[C@@]2(C(=O)NS(=O)(=O)C2CC2)NC(=O)[C@@H]2C[C@@H](OC(=O)N3Cc4cccc(F)c4C3)CN2C1=O,active,731.8439999999999,3.144300000000004,3.0,9.0,9.698970004336019
440,CHEMBL4287268,COc1ccc2c(O[C@@H]3C[C@H]4C(=O)N[C@]5(C(=O)NS(=O)(=O)C6CC6)C[C@H]5/C=C/CCCCN(C)C(=O)[C@@H]4C3)cc(-c3nc(C(C)C)cs3)nc2c1C,active,749.956,5.254120000000005,2.0,10.0,8.522878745280337
441,CHEMBL4448001,Cc1cc(NC(=O)Cc2csc(NS(=O)(=O)c3ccccc3)n2)ccc1Br,intermediate,466.3820000000001,4.1960200000000025,2.0,5.0,5.657577319177793
442,CHEMBL4517125,Cc1ccc(S(=O)(=O)Nc2ccccc2C(=O)Nc2nc3c(Cl)ccc(Cl)c3s2)cc1,intermediate,492.40900000000016,5.964620000000003,2.0,5.0,5.795880017344075
443,CHEMBL5192990,CC(C)c1ccc(NC(=O)N[C@@H](Cc2c[nH]c3ccccc23)C(=O)NCCCN2CCCCC2)cc1,intermediate,489.66400000000044,5.016300000000005,4.0,3.0,5.337242168318426
444,CHEMBL5172547,[2H]C([2H])([2H])Oc1cc2ccnc(O[C@@H]3C[C@H]4C(=O)N[C@]5(C(=O)NS(=O)(=O)C6(C)CC6)C[C@H]5/C=C/CC[C@@H](C)C[C@@H](CC)[C@H](NC(=O)OC(C)(C)C(F)(F)F)C(=O)N4C3)c2cc1F,active,856.951305334,5.442300000000004,3.0,10.0,8.318758762624412
